date,followers,following,media,avg_likes,avg_comments
2022-05-18,4607,817,163,561.875,32.625
2022-05-17,4587,817,162,561.75,32.625
2022-05-16,4587,817,162,561.75,32.625
2022-05-15,4585,817,162,561.312,32.625
2022-05-14,4580,817,162,560.75,32.625
2022-05-13,4585,817,162,559.375,32.625
2022-05-12,4587,817,161,565.25,32.875
2022-05-11,4586,817,161,565.25,32.875
2022-05-10,4583,817,161,565.25,32.875
2022-05-09,4579,816,161,565.188,32.875
2022-05-08,4574,815,161,565.125,32.875
2022-05-07,4570,809,161,565.062,32.875
2022-05-06,4565,809,161,565.062,32.875
2022-05-05,4568,808,161,565.062,32.875
2022-05-04,4569,808,161,565.0,32.875
2022-05-03,4565,809,161,564.938,32.875
2022-05-02,4557,809,160,564.938,32.875
2022-05-01,4557,808,160,564.938,32.875
2022-04-30,4553,808,160,564.875,32.875
2022-04-29,4556,808,160,564.875,32.875
2022-04-28,4550,808,160,564.875,32.875
2022-04-27,4546,808,160,564.875,32.875
2022-04-26,4539,806,160,564.688,32.875
2022-04-25,4541,806,160,564.625,32.875
2022-04-24,4533,807,160,564.625,32.875
2022-04-23,4532,805,160,564.562,32.875
2022-04-22,4529,807,160,564.562,32.8125
2022-04-21,4524,805,159,564.562,32.75
2022-04-20,4525,804,159,564.125,32.625
2022-04-19,4518,801,159,563.188,32.625
2022-04-18,4517,799,159,580.375,34.4375
2022-04-17,4515,800,158,580.375,34.4375
2022-04-16,4514,797,158,580.125,34.4375
2022-04-15,4508,797,158,580.125,34.4375
2022-04-14,4506,797,158,580.125,34.4375
2022-04-13,4506,797,158,580.125,34.4375
2022-04-12,4508,799,158,580.062,34.4375
2022-04-11,4510,797,158,580.0,34.4375
2022-04-10,4509,797,158,580.0,34.4375
2022-04-08,4513,793,157,579.812,34.4375
2022-04-07,4513,792,157,579.75,34.4375
2022-04-06,4512,792,157,579.688,34.4375
2022-04-05,4500,793,157,579.625,34.4375
2022-04-04,4503,793,157,579.625,34.4375
2022-04-03,4499,792,157,579.562,34.4375
2022-04-02,4495,790,157,579.562,34.4375
2022-04-01,4497,790,157,579.562,34.4375
2022-03-31,4492,789,157,579.562,34.625
2022-03-30,4487,789,157,579.312,34.625
2022-03-29,4486,789,157,579.25,34.625
2022-03-28,4491,786,157,579.188,34.625
2022-03-27,4494,783,157,578.375,34.625
2022-03-26,4500,781,156,576.375,34.625
2022-03-25,4491,780,155,552.375,33.875
2022-03-24,4488,779,155,552.312,33.875
2022-03-23,4486,778,154,552.312,33.875
2022-03-22,4482,778,154,551.938,33.875
2022-03-21,4475,776,154,551.875,33.875
2022-03-20,4474,777,154,551.812,33.875
2022-03-19,4472,777,154,551.875,33.875
2022-03-18,4470,777,154,551.812,33.875
2022-03-17,4467,775,154,551.625,33.875
2022-03-16,4462,774,154,551.562,33.875
2022-03-15,4464,773,154,551.188,33.875
2022-03-14,4458,771,153,551.188,33.875
2022-03-13,4462,770,153,550.875,33.8125
2022-03-12,4458,768,153,550.188,33.8125
2022-03-11,4461,768,153,549.438,33.8125
2022-03-10,4458,768,153,546.188,33.8125
2022-03-09,4454,768,152,527.812,33.5625
2022-03-08,4453,768,152,527.625,33.5625
2022-03-07,4448,767,152,527.625,33.5625
2022-03-06,4445,767,152,527.438,33.5625
2022-03-05,4447,766,152,527.312,33.5625
2022-03-04,4446,766,152,527.312,33.5625
2022-03-03,4440,765,152,527.0,33.5625
2022-03-02,4435,764,152,526.938,33.5625
2022-03-01,4435,764,152,526.938,33.5625
2022-02-28,4437,764,152,526.812,33.5625
2022-02-27,4435,763,152,526.625,33.5625
2022-02-26,4430,764,152,526.375,33.5625
2022-02-25,4430,764,152,525.812,33.5625
2022-02-24,4428,763,152,525.812,33.5625
2022-02-23,4423,764,152,525.812,33.5625
2022-02-22,4415,765,152,525.5,33.5625
2022-02-21,4408,764,152,524.625,33.4375
2022-02-20,4401,763,152,521.312,33.375
2022-02-19,4410,762,151,520.75,32.25
2022-02-18,4400,761,151,520.375,32.25
2022-02-17,4408,760,151,519.688,32.1875
2022-02-16,4408,760,151,519.688,32.125
2022-02-15,4409,758,151,519.688,32.0625
2022-02-14,4405,757,151,519.812,32.0625
2022-02-13,4405,756,151,519.75,32.0625
2022-02-12,4404,756,151,519.75,32.0625
2022-02-11,4399,756,151,519.688,32.0625
2022-02-10,4396,755,151,519.25,32.0625
2022-02-09,4424,756,151,517.938,32.0625
2022-02-08,4414,757,151,517.938,32.0625
2022-02-07,4410,755,151,517.938,32.0625
2022-02-06,4410,757,151,517.812,32.0625
2022-02-05,4406,757,151,517.812,32.0625
2022-02-04,4408,757,151,517.812,32.0625
2022-02-03,4403,757,151,517.812,32.0625
2022-02-02,4400,755,151,517.812,32.0625
2022-02-01,4400,756,151,517.562,32.0625
2022-01-31,4397,762,151,517.875,32.0625
2022-01-30,4399,764,151,517.875,32.0625
2022-01-29,4392,763,151,517.875,32.0625
2022-01-28,4392,764,151,517.875,32.0625
2022-01-27,4390,788,151,517.875,32.0625
2022-01-26,4383,788,151,517.875,32.0625
2022-01-25,4374,788,151,517.875,32.125
2022-01-24,4364,788,151,517.812,32.125
2022-01-23,4364,787,151,517.875,32.125
2022-01-22,4361,790,151,517.938,32.125
2022-01-21,4362,791,151,517.125,32.125
2022-01-20,4360,790,151,517.062,32.125
2022-01-19,4359,790,151,517.062,32.125
2022-01-18,4355,790,151,517.0,32.125
2022-01-17,4351,794,151,516.812,32.125
2022-01-16,4347,794,151,516.875,32.125
2022-01-15,4346,793,151,516.875,32.125
2022-01-14,4345,793,151,516.875,32.125
2022-01-13,4344,793,151,516.812,32.125
2022-01-12,4340,793,151,516.875,32.125
2022-01-11,4340,793,151,516.938,32.125
2022-01-10,4333,792,151,516.625,32.125
2022-01-09,4332,792,151,516.688,32.125
2022-01-08,4332,792,151,516.688,32.125
2022-01-07,4331,792,151,516.562,32.125
2022-01-06,4328,792,151,516.562,32.125
2022-01-05,4327,794,151,516.625,32.125
2022-01-04,4322,794,151,516.5,32.125
2022-01-03,4324,794,151,516.438,32.125
2022-01-02,4321,794,151,515.875,32.125
2022-01-01,4321,794,151,515.875,32.125
2021-12-31,4320,795,151,515.875,32.125
2021-12-30,4319,795,151,515.875,32.125
2021-12-29,4316,796,151,515.875,32.125
2021-12-28,4315,796,151,515.875,32.125
2021-12-27,4315,796,151,515.875,32.125
2021-12-26,4317,796,151,515.625,32.125
2021-12-25,4314,796,151,515.625,32.125
2021-12-24,4314,796,151,515.625,32.125
2021-12-23,4314,796,151,515.562,32.125
2021-12-22,4314,796,151,515.562,32.125
2021-12-21,4314,796,151,515.562,32.125
2021-12-20,4313,796,151,515.562,32.125
2021-12-19,4313,794,151,515.438,32.125
2021-12-18,4304,794,151,514.375,32.125
2021-12-17,4307,795,151,514.938,32.125
2021-12-16,4306,794,151,515.0,32.125
2021-12-15,4308,795,151,514.938,32.125
2021-12-14,4307,795,151,514.562,32.125
2021-12-13,4305,795,151,514.562,32.125
2021-12-12,4302,795,151,514.5,32.125
2021-12-11,4302,795,151,514.5,32.125
2021-12-10,4304,796,151,514.375,32.125
2021-12-09,4307,796,151,514.375,32.125
2021-12-08,4310,794,151,514.375,32.125
2021-12-07,4311,795,151,514.375,32.125
2021-12-06,4309,795,151,514.438,32.125
2021-12-05,4306,795,151,514.562,32.125
2021-12-04,4307,795,151,514.562,32.125
2021-12-03,4302,796,151,514.375,32.125
2021-12-02,4300,797,151,514.188,32.125
2021-12-01,4301,798,151,514.188,32.125
2021-11-30,4299,798,151,514.188,32.125
2021-11-29,4300,798,151,513.938,32.125
2021-11-28,4294,798,151,513.75,32.0625
2021-11-27,4286,798,151,513.75,32.0625
2021-11-26,4288,798,151,514.062,32.25
2021-11-25,4288,797,151,514.0,32.25
2021-11-24,4287,797,151,514.0,32.25
2021-11-23,4287,797,151,514.0,32.25
2021-11-22,4281,796,151,513.875,32.25
2021-11-21,4278,796,151,513.938,32.25
2021-11-20,4273,797,151,513.938,32.25
2021-11-19,4272,797,151,513.688,32.1875
2021-11-18,4263,797,151,513.688,32.1875
2021-11-17,4259,797,151,513.688,32.1875
2021-11-16,4255,797,151,513.688,32.1875
2021-11-15,4254,797,151,513.625,32.1875
2021-11-14,4255,796,151,513.625,32.1875
2021-11-13,4257,796,151,513.812,32.1875
2021-11-12,4258,798,151,513.688,32.1875
2021-11-11,4256,799,151,513.625,32.1875
2021-11-10,4253,799,151,513.625,32.1875
2021-11-09,4250,799,151,513.625,32.1875
2021-11-08,4248,799,151,513.688,32.1875
2021-11-07,4247,799,151,513.562,32.1875
2021-11-06,4250,799,151,513.562,32.1875
2021-11-05,4248,799,151,513.625,32.1875
2021-11-04,4249,800,151,512.812,32.1875
2021-11-03,4246,801,151,512.688,32.125
2021-11-02,4246,800,151,512.438,32.125
2021-11-01,4240,800,151,512.438,32.125
2021-10-31,4242,800,151,512.5,32.125
2021-10-30,4239,800,151,512.188,32.125
2021-10-29,4236,799,151,512.312,32.125
2021-10-28,4243,801,151,512.312,32.125
2021-10-27,4245,801,151,512.188,32.125
2021-10-26,4241,800,151,512.25,32.125
2021-10-25,4242,800,151,512.188,32.125
2021-10-24,4238,799,151,512.188,32.125
2021-10-23,4241,799,151,512.062,32.125
2021-10-22,4242,799,151,512.062,32.125
2021-10-21,4241,799,151,512.062,32.125
2021-10-20,4214,799,151,511.5,32.125
2021-10-19,4116,799,151,510.812,32.125
2021-10-18,4108,799,151,510.688,32.125
2021-10-17,4104,799,151,510.625,32.125
2021-10-16,4100,799,151,510.625,32.125
2021-10-15,4098,799,151,510.625,32.0
2021-10-14,4092,799,151,510.375,31.9375
2021-10-13,4087,799,151,510.312,31.9375
2021-10-12,4087,799,151,510.312,31.9375
2021-10-11,4085,799,151,510.25,31.9375
2021-10-10,4086,800,151,510.25,31.9375
2021-10-09,4083,800,151,510.0,31.9375
2021-10-08,4077,800,151,510.0,31.9375
2021-10-07,4076,800,151,510.0,31.9375
2021-10-06,4072,800,151,509.938,31.9375
2021-10-05,4071,801,151,509.938,31.9375
2021-10-03,4067,801,151,509.875,31.9375
2021-10-02,4065,800,151,509.875,31.9375
2021-10-01,4056,800,151,510.0,31.9375
2021-09-30,4054,800,151,510.0,31.9375
2021-09-29,4051,800,151,510.0,31.9375
2021-09-28,4052,800,151,510.0,31.9375
2021-09-27,4051,802,151,509.5,31.9375
2021-09-26,4053,802,151,509.5,31.9375
2021-09-25,4052,802,151,509.5,31.9375
2021-09-24,4044,802,151,510.438,31.9375
2021-09-23,4042,802,151,510.375,31.9375
2021-09-22,4040,801,151,509.688,31.9375
2021-09-21,4034,801,151,509.625,31.875
2021-09-20,4034,802,151,509.625,31.875
2021-09-19,4037,802,151,509.375,31.875
2021-09-18,4035,800,151,509.062,31.875
2021-09-17,4032,800,151,508.938,31.875
2021-09-16,4028,799,151,508.875,31.875
2021-09-15,4028,799,151,508.875,31.875
2021-09-14,4023,800,151,508.875,31.875
2021-09-13,4019,800,151,508.875,31.875
2021-09-12,4017,800,151,508.75,31.875
2021-09-11,4014,800,151,508.75,31.875
2021-09-10,4011,800,151,508.625,31.875
2021-09-09,4008,800,151,508.5,31.875
2021-09-08,4005,800,151,507.812,31.875
2021-09-07,4006,800,151,507.812,31.875
2021-09-06,4002,800,151,507.812,31.875
2021-09-05,3998,800,151,507.812,31.875
2021-09-04,3989,800,151,507.812,31.875
2021-09-03,3985,800,151,507.812,31.875
2021-09-02,3981,800,151,507.688,31.875
2021-08-31,3980,800,151,507.375,31.875
2021-08-30,3979,799,151,507.375,31.875
2021-08-29,3973,799,151,507.375,31.875
2021-08-28,3967,799,151,507.312,31.875
2021-08-26,3966,799,151,507.188,31.875
2021-08-25,3958,801,151,506.812,31.875
2021-08-22,3952,801,151,506.562,31.875
2021-08-21,3949,801,151,506.562,31.875
2021-08-20,3946,800,151,506.688,31.875
2021-08-19,3943,801,151,506.625,31.875
2021-08-18,3941,801,151,506.625,31.875
2021-08-17,3940,801,151,506.375,31.875
2021-08-16,3931,801,151,505.625,31.875
2021-08-15,3933,801,151,505.562,31.875
2021-08-14,3931,801,151,505.5,31.875
2021-08-13,3932,801,151,505.375,31.875
2021-08-12,3926,801,151,505.312,31.875
2021-08-11,3928,801,151,505.375,31.875
2021-08-10,3924,800,151,505.375,31.875
2021-08-09,3923,798,151,505.375,31.875
2021-08-08,3920,799,151,505.375,31.875
2021-08-07,3919,799,151,505.375,31.875
2021-08-06,3917,800,151,505.312,31.875
2021-08-05,3917,799,151,505.375,31.875
2021-08-04,3916,800,151,505.375,31.875
2021-08-03,3911,800,151,505.375,31.875
2021-08-02,3915,801,151,505.375,31.875
2021-08-01,3917,801,151,505.375,31.8125
2021-07-31,3912,800,151,505.375,31.8125
2021-07-30,3909,801,151,505.438,31.8125
2021-07-29,3910,801,151,505.438,31.8125
2021-07-28,3900,799,151,505.312,31.8125
2021-07-27,3901,799,151,505.25,31.75
2021-07-26,3905,799,151,505.312,31.75
2021-07-25,3901,801,151,505.312,31.75
2021-07-24,3896,801,151,505.312,31.75
2021-07-23,3896,803,151,505.25,31.75
2021-07-22,3892,803,151,505.25,31.75
2021-07-21,3885,804,151,505.125,31.75
2021-07-20,3881,805,151,505.125,31.75
2021-07-19,3881,805,151,505.125,31.75
2021-07-18,3882,805,151,505.125,31.75
2021-07-17,3882,805,151,505.125,31.75
2021-07-16,3881,805,151,505.125,31.75
2021-07-15,3875,805,151,505.0,31.75
2021-07-14,3868,805,151,504.875,31.75
2021-07-13,3865,804,151,504.938,31.75
2021-07-12,3861,801,151,504.938,31.75
2021-07-11,3857,801,151,505.062,31.6875
2021-07-10,3858,801,151,505.062,31.6875
2021-07-09,3856,801,151,505.062,31.6875
2021-07-08,3859,803,151,505.062,31.6875
2021-07-07,3858,803,151,505.0,31.6875
2021-07-06,3856,803,151,504.938,31.6875
2021-07-05,3853,803,151,504.75,31.6875
2021-07-04,3853,804,151,504.688,31.6875
2021-07-03,3851,804,151,504.438,31.6875
2021-07-02,3849,805,151,504.5,31.6875
2021-07-01,3849,805,151,504.5,31.6875
2021-06-30,3849,805,151,504.375,31.6875
2021-06-29,3846,806,151,504.375,31.6875
2021-06-28,3842,805,151,504.375,31.625
2021-06-27,3843,805,151,504.375,31.625
2021-06-26,3845,804,151,504.375,31.625
2021-06-25,3843,806,151,504.188,31.5625
2021-06-24,3847,806,151,504.188,31.5625
2021-06-23,3845,806,151,504.25,31.5625
2021-06-22,3843,806,151,504.125,31.5625
2021-06-21,3842,806,151,504.0,31.5625
2021-06-20,3835,806,151,503.188,31.5625
2021-06-19,3836,806,151,502.938,31.5625
2021-06-18,3833,806,151,502.938,31.5625
2021-06-17,3835,806,151,502.875,31.5625
2021-06-16,3831,806,151,502.875,31.5625
2021-06-15,3824,805,151,502.75,31.5625
2021-06-14,3820,805,151,502.75,31.5625
2021-06-13,3811,805,151,502.562,31.5625
2021-06-11,3809,804,151,502.375,31.5625
2021-06-10,3805,804,151,502.125,31.5625
2021-06-09,3803,805,151,502.25,31.5625
2021-06-08,3797,805,151,453.1,26.45
2021-06-07,3793,804,151,453.15,26.4
2021-06-06,3788,804,151,452.95,26.4
2021-06-05,3789,804,151,452.9,26.4
2021-06-04,3783,804,151,452.85,26.4
2021-06-03,3783,804,151,452.9,26.4
2021-06-02,3779,804,151,452.7,26.4
2021-06-01,3772,803,151,452.6,26.4
2021-05-31,3764,804,151,452.6,26.4
2021-05-30,3764,803,151,452.65,26.4
2021-05-29,3763,803,151,452.5,26.4
2021-05-28,3760,803,151,452.4,26.4
2021-05-27,3756,803,151,453.0,26.4
2021-05-26,3751,803,151,453.0,26.4
2021-05-25,3743,803,151,453.0,26.4
2021-05-24,3733,802,151,452.7,26.4
2021-05-23,3726,803,151,452.6,26.4
2021-05-22,3726,802,151,452.6,26.4
2021-05-21,3729,803,151,452.9,26.4
2021-05-20,3725,803,151,452.95,26.4
2021-05-19,3725,803,151,452.95,26.4
2021-05-18,3726,803,151,452.9,26.4
2021-05-17,3726,805,151,452.8,26.4
2021-05-16,3721,805,151,452.8,26.4
2021-05-15,3718,805,151,452.8,26.4
2021-05-14,3715,804,151,452.75,26.4
2021-05-13,3709,804,151,452.75,26.4
2021-05-12,3702,804,151,452.7,26.4
2021-05-11,3696,804,151,452.55,26.4
2021-05-10,3691,805,151,452.5,26.4
2021-05-09,3689,805,151,452.45,26.4
2021-05-08,3687,805,151,452.4,26.4
2021-05-07,3682,805,151,452.4,26.4
2021-05-06,3683,803,151,452.35,26.4
2021-05-05,3683,803,151,452.3,26.35
2021-05-04,3677,803,151,451.6,26.35
2021-05-03,3669,803,151,450.9,26.35
2021-05-02,3665,802,151,450.9,26.35
2021-05-01,3667,804,151,450.0,26.35
2021-04-30,3669,803,151,450.3,26.35
2021-04-29,3665,803,151,450.05,26.35
2021-04-28,3662,804,151,450.05,26.35
2021-04-27,3661,804,151,450.05,26.35
2021-04-26,3659,805,151,449.95,26.35
2021-04-25,3646,805,151,449.1,26.35
2021-04-24,3636,804,151,449.0,26.35
2021-04-23,3637,803,151,448.95,26.35
2021-04-22,3642,804,151,449.45,26.35
2021-04-21,3640,804,151,449.45,26.35
2021-04-20,3635,804,151,449.35,26.35
2021-04-19,3635,804,151,449.25,26.35
2021-04-18,3627,803,151,449.1,26.35
2021-04-17,3621,802,151,449.05,26.35
2021-04-16,3620,802,151,449.25,26.35
2021-04-15,3619,802,151,449.35,26.35
2021-04-14,3616,802,151,449.3,26.35
2021-04-13,3613,802,151,449.2,26.35
2021-04-12,3609,802,151,449.2,26.35
2021-04-11,3606,803,151,449.2,26.35
2021-04-10,3606,803,151,449.15,26.35
2021-04-09,3605,803,151,449.05,26.35
2021-04-08,3604,803,151,449.05,26.55
2021-04-07,3604,803,151,449.0,26.55
2021-04-06,3602,803,151,449.0,26.55
2021-04-05,3601,801,151,448.95,26.55
2021-04-04,3598,803,151,448.6,26.55
2021-04-03,3599,803,151,448.55,26.55
2021-04-02,3595,803,151,448.55,26.55
2021-04-01,3595,803,151,448.45,26.55
2021-03-31,3594,803,151,448.35,26.55
2021-03-30,3591,803,151,448.2,26.55
2021-03-29,3592,803,151,448.1,26.55
2021-03-28,3587,803,151,448.0,26.55
2021-03-27,3586,803,151,447.75,26.55
2021-03-26,3581,804,151,447.55,26.55
2021-03-25,3580,804,151,446.9,26.5
2021-03-24,3573,804,151,446.3,26.5
2021-03-23,3569,804,151,443.1,26.35
2021-03-22,3561,804,150,412.4,21.55
2021-03-20,3552,803,150,412.3,21.55
2021-03-19,3547,803,150,412.2,21.55
2021-03-18,3542,803,150,412.2,21.55
2021-03-17,3531,802,150,412.2,21.5
2021-03-16,3531,801,150,412.1,21.5
2021-03-15,3532,803,150,412.05,21.5
2021-03-14,3530,803,150,412.05,21.5
2021-03-13,3530,804,150,412.1,21.5
2021-03-12,3524,804,150,411.6,21.5
2021-03-11,3519,803,150,411.6,21.5
2021-03-10,3520,803,150,411.35,21.5
2021-03-09,3520,803,150,411.35,21.5
2021-03-08,3517,804,150,411.3,21.5
2021-03-07,3517,804,150,411.2,21.5
2021-03-06,3514,805,150,411.15,21.5
2021-03-05,3515,805,150,411.1,21.5
2021-03-04,3515,805,150,411.05,21.5
2021-03-03,3511,805,150,411.05,21.5
2021-03-01,3509,805,150,411.0,21.5
2021-02-28,3505,805,150,410.85,21.5
2021-02-27,3502,805,150,410.85,21.5
2021-02-26,3503,805,150,410.85,21.5
2021-02-25,3493,805,150,410.9,21.5
2021-02-24,3494,805,150,410.9,21.5
2021-02-21,3491,805,150,410.95,21.5
2021-02-20,3478,806,150,410.95,21.45
2021-02-19,3473,806,150,410.75,21.45
2021-02-18,3470,806,150,410.55,21.45
2021-02-16,3464,806,150,410.8,21.45
2021-02-15,3461,806,150,410.85,21.4
2021-02-14,3459,807,150,410.85,21.35
2021-02-13,3450,807,150,410.85,21.35
2021-02-12,3445,807,150,410.7,21.3
2021-02-11,3439,809,150,410.5,21.2
2021-02-09,3429,808,150,409.3,21.1
2021-02-08,3423,809,150,409.3,21.1
2021-02-07,3420,808,150,409.4,21.1
2021-02-06,3418,808,150,408.65,21.05
2021-02-05,3415,806,150,408.3,21.05
2021-02-04,3407,806,150,408.15,21.05
2021-02-03,3404,806,150,407.55,21.05
2021-02-02,3403,806,150,407.1,21.0
2021-02-01,3403,806,150,404.4,20.65
2021-01-31,3406,807,149,392.35,20.65
2021-01-30,3339,805,149,390.65,20.65
2021-01-29,3316,804,149,390.25,20.6
2021-01-28,3310,805,149,390.2,20.6
2021-01-27,3306,806,149,390.15,20.6
2021-01-26,3304,806,149,390.05,20.6
2021-01-25,3306,806,149,390.05,20.6
2021-01-24,3305,806,149,389.55,20.6
2021-01-23,3297,805,149,389.45,20.6
2021-01-22,3295,805,149,389.15,20.6
2021-01-21,3296,805,149,389.2,20.6
2021-01-20,3286,805,149,389.2,20.6
2021-01-19,3284,805,149,389.65,20.6
2021-01-18,3283,805,149,389.5,20.6
2021-01-17,3262,806,149,389.1,20.6
2021-01-16,3256,806,149,388.8,20.6
2021-01-15,3254,807,149,388.8,20.6
2021-01-14,3251,807,149,387.5,20.6
2021-01-13,3248,807,149,387.2,20.6
2021-01-12,3242,806,149,387.0,20.6
2021-01-11,3239,805,149,386.95,20.6
2021-01-10,3236,805,149,386.75,20.6
2021-01-09,3230,806,149,386.65,20.6
2021-01-08,3225,806,149,386.6,20.6
2021-01-07,3227,806,149,386.65,20.6
2021-01-06,3219,805,149,386.6,20.6
2021-01-05,3214,805,149,386.3,20.6
2021-01-04,3208,805,149,385.6,20.6
2021-01-03,3198,804,149,385.6,20.6
2021-01-02,3192,804,149,385.5,20.6
2021-01-01,3192,805,149,385.45,20.6
2020-12-31,3189,805,149,385.45,20.6
2020-12-30,3182,805,149,385.55,20.6
2020-12-29,3178,805,149,385.5,20.6
2020-12-28,3171,806,149,385.5,20.6
2020-12-27,3175,806,149,385.5,20.6
2020-12-26,3169,806,149,385.5,20.6
2020-12-25,3168,806,149,385.45,20.6
2020-12-24,3166,806,149,385.25,20.6
2020-12-23,3158,805,149,385.2,20.6
2020-12-22,3154,804,149,385.15,20.6
2020-12-21,3154,802,149,383.95,20.6
2020-12-20,3150,802,149,383.95,20.6
2020-12-19,3146,800,149,383.9,20.6
2020-12-18,3146,800,149,383.85,20.6
2020-12-17,3144,800,149,383.8,20.6
2020-12-16,3139,800,149,383.95,20.6
2020-12-15,3130,800,149,383.75,20.6
2020-12-14,3130,800,149,383.75,20.6
2020-12-13,3129,800,149,383.7,20.6
2020-12-12,3122,799,149,383.65,20.6
2020-12-11,3119,800,149,383.6,20.6
2020-12-10,3111,800,149,383.6,20.6
2020-12-09,3105,800,149,383.55,20.6
2020-12-08,3101,801,149,383.55,20.6
2020-12-07,3095,802,149,383.45,20.6
2020-12-06,3091,801,149,383.45,20.6
2020-12-05,3084,799,149,383.5,20.6
2020-12-04,3079,799,149,383.55,20.6
2020-12-03,3074,799,149,383.6,20.6
2020-12-02,3074,799,149,383.7,20.6
2020-12-01,3064,798,149,383.85,20.6
2020-11-30,3058,798,149,384.15,20.6
2020-11-29,3055,798,149,385.1,20.8
2020-11-28,3046,798,149,385.0,20.9
2020-11-27,3034,798,149,384.6,20.9
2020-11-26,3026,798,149,384.35,20.9
2020-11-25,3017,797,149,384.3,20.9
2020-11-24,3012,796,149,383.9,20.9
2020-11-23,3000,797,149,383.8,20.9
2020-11-22,2999,797,149,383.3,20.9
2020-11-21,2992,797,149,383.25,20.9
2020-11-20,2983,797,149,383.2,20.9
2020-11-19,2975,797,149,382.65,20.9
2020-11-18,2974,797,149,382.55,20.9
2020-11-17,2970,797,149,382.55,20.9
2020-11-16,2967,796,149,382.5,20.9
2020-11-15,2960,796,149,382.5,20.9
2020-11-14,2953,796,149,382.4,20.9
2020-11-13,2951,797,149,382.25,20.9
2020-11-12,2949,797,149,381.05,20.9
2020-11-11,2942,797,149,380.95,20.9
2020-11-10,2942,797,149,380.95,20.9
2020-11-09,2939,797,149,380.85,20.9
2020-11-08,2925,796,149,380.75,20.9
2020-11-07,2913,796,149,380.7,20.9
2020-11-06,2907,796,149,380.7,20.9
2020-11-05,2902,796,149,380.65,20.9
2020-11-04,2891,796,149,380.6,20.9
2020-11-03,2885,795,149,380.5,20.9
2020-11-02,2887,795,149,380.35,20.9
2020-11-01,2880,795,149,380.3,20.9
2020-10-31,2874,795,149,380.25,20.9
2020-10-30,2875,795,149,380.25,20.9
2020-10-29,2877,798,149,380.05,20.9
2020-10-28,2872,797,149,380.05,20.9
2020-10-27,2867,797,149,380.0,20.9
2020-10-26,2861,797,149,380.0,20.9
2020-10-25,2851,797,149,379.8,20.9
2020-10-24,2848,797,149,379.45,20.9
2020-10-23,2848,797,149,379.35,20.9
2020-10-22,2845,796,149,379.3,20.9
2020-10-21,2836,795,149,379.3,20.9
2020-10-20,2830,796,149,379.25,20.9
2020-10-19,2832,797,149,379.2,20.9
2020-10-18,2831,798,149,379.2,20.9
2020-10-17,2825,798,149,379.2,20.9
2020-10-16,2818,798,149,379.15,20.9
2020-10-15,2813,798,149,379.15,20.9
2020-10-14,2807,798,149,379.1,20.9
2020-10-13,2804,798,149,379.1,20.9
2020-10-12,2802,798,149,379.1,20.9
2020-10-11,2796,798,149,378.75,20.9
2020-10-10,2789,798,149,378.55,20.9
2020-10-09,2790,798,149,378.55,20.9
2020-10-08,2783,797,149,378.55,20.9
2020-10-07,2778,798,149,377.85,20.9
2020-10-06,2773,799,149,377.75,20.9
2020-10-05,2774,799,149,377.7,20.9
2020-10-04,2767,799,149,377.7,20.9
2020-10-03,2761,799,149,377.5,20.9
2020-10-02,2758,798,149,377.5,20.9
2020-10-01,2753,798,149,377.1,20.9
2020-09-30,2745,796,149,377.0,20.8
2020-09-29,2742,796,149,376.7,20.8
2020-09-28,2741,797,149,376.7,20.8
2020-09-27,2736,797,149,376.7,20.8
2020-09-26,2734,797,149,376.7,20.8
2020-09-25,2734,797,149,376.7,20.8
2020-09-24,2729,797,149,376.65,20.8
2020-09-23,2730,797,149,377.4,20.8
2020-09-22,2719,796,149,377.4,20.8
2020-09-21,2715,798,149,377.4,20.8
2020-09-20,2711,806,149,377.1,20.8
2020-09-19,2707,806,149,377.1,20.8
2020-09-18,2704,806,149,377.0,20.8
2020-09-17,2702,806,149,377.0,20.8
2020-09-16,2701,806,149,377.0,20.8
2020-09-15,2699,807,149,376.85,20.8
2020-09-14,2693,808,149,376.8,20.8
2020-09-13,2692,808,149,376.8,20.8
2020-09-12,2687,809,149,376.75,20.8
2020-09-11,2686,809,149,376.7,20.8
2020-09-10,2684,808,149,376.6,20.8
2020-09-09,2678,807,149,376.45,20.8
2020-09-08,2669,807,149,376.45,20.8
2020-09-07,2664,806,149,376.05,20.8
2020-09-06,2657,806,149,375.9,20.8
2020-09-05,2652,807,149,375.05,20.8
2020-09-04,2648,808,149,374.0,20.45
2020-09-03,2644,807,149,373.4,20.35
2020-09-02,2641,807,149,373.15,20.2
2020-09-01,2630,807,149,372.5,20.15
2020-08-31,2626,812,149,372.5,20.15
2020-08-30,2625,812,149,372.45,20.15
2020-08-29,2623,812,149,372.45,20.15
2020-08-28,2615,812,149,371.8,20.1
2020-08-27,2611,811,149,371.8,20.1
2020-08-26,2609,823,149,371.8,20.1
2020-08-25,2604,823,149,371.75,20.1
2020-08-24,2602,823,149,371.7,20.1
2020-08-23,2596,823,149,371.7,20.1
2020-08-22,2589,822,149,371.55,20.1
2020-08-21,2589,822,149,371.55,20.1
2020-08-20,2589,822,149,371.3,20.05
2020-08-19,2581,822,149,371.1,19.95
2020-08-18,2572,822,149,371.0,20.0
2020-08-17,2569,822,149,342.68,17.48
2020-08-16,2567,822,149,342.6,17.48
2020-08-15,2563,822,149,342.48,17.48
2020-08-14,2560,822,149,342.48,17.48
2020-08-13,2555,822,149,342.44,17.48
2020-08-12,2545,822,149,342.24,17.48
2020-08-11,2540,822,149,342.2,17.44
2020-08-10,2534,821,149,342.04,17.4
2020-08-09,2524,820,149,342.0,17.4
2020-08-08,2514,821,149,341.92,17.4
2020-08-07,2514,821,149,341.92,17.4
2020-08-06,2512,821,149,341.92,17.4
2020-08-05,2506,820,149,341.92,17.4
2020-08-04,2500,820,149,341.84,17.4
2020-08-03,2498,820,149,341.72,17.4
2020-08-02,2492,820,149,341.32,17.4
2020-08-01,2483,820,149,341.28,17.4
2020-07-31,2477,819,149,341.2,17.4
2020-07-30,2470,818,149,341.2,17.4
2020-07-29,2464,819,149,341.24,17.4
2020-07-28,2454,820,149,340.96,17.4
2020-07-27,2454,820,149,341.04,17.4
2020-07-26,2451,820,149,341.08,17.4
2020-07-25,2446,821,149,341.04,17.4
2020-07-24,2440,820,149,340.72,17.4
2020-07-23,2438,820,149,340.72,17.4
2020-07-22,2441,820,149,340.68,17.4
2020-07-21,2430,820,149,340.44,17.36
2020-07-20,2428,820,149,340.36,17.36
2020-07-19,2423,820,149,340.4,17.36
2020-07-18,2414,821,149,340.24,17.36
2020-07-17,2416,821,149,340.2,17.36
2020-07-16,2408,821,149,340.08,17.36
2020-07-15,2402,821,149,339.4,17.16
2020-07-14,2393,820,149,339.2,17.16
2020-07-13,2385,819,149,339.2,17.16
2020-07-12,2376,819,149,339.12,17.16
2020-07-11,2368,818,149,338.12,17.16
2020-07-10,2362,820,149,338.08,17.16
2020-07-09,2363,821,149,337.84,17.16
2020-07-08,2358,822,149,337.96,17.16
2020-07-07,2355,823,149,337.92,17.16
2020-07-06,2355,824,149,337.84,17.16
2020-07-05,2346,823,149,337.72,17.16
2020-07-04,2344,821,149,337.24,17.16
2020-07-03,2336,820,149,336.92,17.16
2020-07-02,2330,819,149,336.84,17.16
2020-07-01,2327,819,149,336.84,17.16
2020-06-30,2324,819,149,336.72,17.16
2020-06-29,2317,819,149,336.52,17.16
2020-06-28,2313,818,149,336.56,17.16
2020-06-27,2306,818,149,335.88,17.16
2020-06-26,2301,820,149,334.0,16.88
2020-06-25,2295,820,148,320.52,15.28
2020-06-24,2284,820,148,320.36,15.24
2020-06-23,2273,820,148,320.2,15.16
2020-06-22,2268,820,148,320.08,15.16
2020-06-21,2262,820,148,320.08,15.16
2020-06-20,2256,820,148,320.04,15.16
2020-06-19,2252,820,148,319.76,15.16
2020-06-18,2250,821,148,320.04,15.16
2020-06-17,2244,821,148,319.96,15.16
2020-06-16,2236,821,148,319.92,15.16
2020-06-15,2232,821,148,319.92,15.12
2020-06-14,2225,821,148,319.88,15.12
2020-06-13,2219,821,148,319.16,15.12
2020-06-12,2211,821,148,319.08,15.12
2020-06-11,2208,821,148,319.08,15.12
2020-06-10,2203,820,148,319.08,15.16
2020-06-09,2196,820,148,319.0,15.16
2020-06-08,2191,821,148,318.96,15.16
2020-06-07,2186,820,148,318.0,15.16
2020-06-06,2183,820,148,317.92,15.16
2020-06-05,2176,820,148,317.68,15.16
2020-06-02,2170,822,148,317.6,15.16
2020-06-01,2156,822,148,317.48,15.08
2020-05-31,2144,822,148,317.12,15.0
2020-05-30,2144,822,148,316.44,15.0
2020-05-29,2138,824,148,315.44,14.96
2020-05-28,2130,824,147,307.84,13.64
2020-05-27,2124,824,147,307.8,13.6
2020-05-26,2114,824,147,307.76,13.56
2020-05-25,2101,824,147,307.44,13.56
2020-05-24,2095,824,147,307.44,13.56
2020-05-23,2073,824,147,307.36,13.56
2020-05-22,2071,824,147,306.92,13.56
2020-05-21,2061,824,147,306.84,13.56
2020-05-20,2059,823,147,306.72,13.56
2020-05-19,2052,823,147,306.68,13.56
2020-05-18,2045,824,147,305.88,13.56
2020-05-17,2037,824,147,305.88,13.56
2020-05-16,2032,824,147,305.76,13.56
2020-05-15,2024,824,147,305.68,13.52
2020-05-14,2023,824,147,305.68,13.52
2020-05-13,2014,824,147,305.6,13.52
2020-05-12,2010,825,147,305.64,13.52
2020-05-11,2001,825,147,305.64,13.52
2020-05-10,1996,825,147,305.04,13.4
2020-05-09,1985,825,147,304.56,13.36
2020-05-08,1981,825,147,304.56,13.36
2020-05-07,1973,825,147,304.08,13.32
2020-05-06,1972,825,147,303.12,13.2
2020-05-05,1963,825,147,303.16,13.2
2020-05-04,1956,825,147,302.96,13.2
2020-05-03,1948,825,147,302.84,13.2
2020-05-02,1939,824,147,302.84,13.2
2020-05-01,1935,824,147,302.76,13.2
2020-04-30,1930,824,147,302.68,13.2
2020-04-29,1923,824,147,302.6,13.16
2020-04-28,1913,824,147,302.48,13.16
2020-04-27,1903,824,147,302.48,13.16
2020-04-26,1897,824,147,302.28,13.16
2020-04-25,1892,825,147,302.24,13.16
2020-04-24,1889,824,147,302.16,13.16
2020-04-23,1878,824,147,302.2,13.16
2020-04-22,1872,824,147,302.2,13.16
2020-04-21,1865,824,147,302.2,13.16
2020-04-20,1863,824,147,302.12,13.16
2020-04-19,1849,824,147,302.04,13.12
2020-04-18,1838,824,147,301.4,13.12
2020-04-17,1829,824,147,301.2,13.12
2020-04-16,1815,826,147,299.28,13.0
2020-04-15,1809,826,146,295.04,11.96
2020-04-14,1804,827,146,294.88,11.96
2020-04-13,1793,827,146,294.36,11.96
2020-04-12,1784,827,146,294.32,11.96
2020-04-11,1775,826,146,294.16,11.96
2020-04-10,1766,827,146,294.08,11.96
2020-04-09,1760,827,146,294.0,11.96
2020-04-08,1753,827,146,293.96,11.96
2020-04-07,1738,827,146,293.96,11.96
2020-04-06,1720,827,146,293.8,11.96
2020-04-05,1709,828,146,292.76,11.96
2020-04-04,1703,828,146,292.56,11.96
2020-04-03,1699,828,146,292.56,11.96
2020-04-02,1696,828,146,292.52,11.96
2020-04-01,1688,827,146,292.16,11.96
2020-03-31,1685,827,146,292.08,11.96
2020-03-30,1683,827,146,292.04,11.92
2020-03-29,1677,826,146,291.96,11.88
2020-03-28,1671,825,146,291.88,11.88
2020-03-27,1665,825,146,291.88,11.88
2020-03-26,1654,824,146,291.8,11.88
2020-03-25,1649,825,146,290.84,11.88
2020-03-24,1639,825,146,290.48,11.88
2020-03-23,1634,825,146,290.4,11.88
2020-03-22,1622,825,146,290.44,11.84
2020-03-21,1620,825,146,290.2,11.84
2020-03-20,1619,825,146,289.08,11.84
2020-03-19,1615,826,146,288.04,11.84
2020-03-18,1596,826,146,266.04,11.08
2020-03-17,1587,824,145,258.08,10.36
2020-03-16,1583,824,145,257.92,10.36
2020-03-15,1578,826,145,257.44,10.36
2020-03-14,1575,826,145,257.44,10.36
2020-03-13,1573,826,145,257.44,10.36
2020-03-12,1567,825,145,257.44,10.36
2020-03-11,1562,824,145,257.44,10.36
2020-03-10,1555,824,145,257.28,10.36
2020-03-09,1550,824,145,257.0,10.36
2020-03-08,1545,824,145,256.96,10.36
2020-03-07,1543,824,145,256.96,10.36
2020-03-06,1540,824,145,256.96,10.36
2020-03-05,1540,824,145,256.96,10.36
2020-03-04,1536,822,145,256.92,10.36
2020-03-03,1531,823,145,256.76,10.36
2020-03-02,1529,825,145,256.72,10.36
2020-03-01,1528,824,145,256.6,10.36
2020-02-29,1518,822,145,256.6,10.36
2020-02-28,1515,822,145,256.4,10.32
2020-02-27,1513,822,145,256.32,10.28
2020-02-26,1506,822,145,256.16,10.28
2020-02-25,1501,821,145,256.16,10.28
2020-02-24,1496,820,145,255.88,10.28
2020-02-23,1490,820,145,255.88,10.28
2020-02-22,1487,820,145,255.8,10.28
2020-02-21,1485,820,145,255.76,10.28
2020-02-19,1480,819,145,255.72,10.28
2020-02-18,1479,820,145,255.72,10.28
2020-02-17,1472,819,145,255.72,10.28
2020-02-16,1467,819,145,255.56,10.28
2020-02-15,1460,819,145,255.36,10.28
2020-02-14,1458,819,145,255.36,10.28
2020-02-13,1456,863,145,255.28,10.28
2020-02-12,1452,868,145,255.24,10.28
2020-02-10,1446,870,145,255.16,10.28
2020-02-09,1446,871,145,255.16,10.28
2020-02-08,1438,871,145,255.12,10.28
2020-02-07,1434,873,145,255.04,10.28
2020-02-06,1434,872,145,254.52,10.0
2020-02-05,1431,871,145,249.52,9.88
2020-02-04,1429,870,144,250.84,9.8
2020-02-03,1423,871,144,250.84,9.8
2020-02-02,1416,870,144,250.76,9.8
2020-02-01,1411,870,144,250.72,9.8
2020-01-31,1406,870,144,250.72,9.8
2020-01-30,1404,870,144,250.76,9.8
2020-01-29,1402,870,144,250.76,9.8
2020-01-28,1403,870,144,250.76,9.8
2020-01-27,1404,871,144,250.72,9.8
2020-01-26,1404,870,144,250.72,9.8
2020-01-25,1403,871,144,250.48,9.8
2020-01-24,1399,870,144,250.44,9.8
2020-01-23,1393,870,144,250.4,9.8
2020-01-22,1391,870,144,250.44,9.8
2020-01-21,1389,869,144,250.4,9.68
2020-01-20,1389,869,144,250.32,9.64
2020-01-19,1385,869,144,250.28,9.64
2020-01-18,1383,868,144,250.28,9.64
2020-01-17,1379,868,144,250.28,9.64
2020-01-16,1378,869,144,250.28,9.64
2020-01-15,1375,868,144,250.04,9.64
2020-01-14,1373,868,144,250.04,9.64
2020-01-13,1369,867,144,250.0,9.64
2020-01-12,1366,866,144,249.96,9.64
2020-01-11,1366,866,144,250.0,9.64
2020-01-10,1365,866,144,249.84,9.6
2020-01-09,1364,869,144,249.84,9.6
2020-01-08,1360,869,144,249.8,9.6
2020-01-07,1361,870,144,249.76,9.6
2020-01-06,1359,870,144,249.76,9.6
2020-01-05,1356,870,144,249.76,9.6
2020-01-04,1356,870,144,249.68,9.6
2020-01-03,1354,870,144,249.68,9.6
2020-01-02,1353,870,144,249.68,9.6
2020-01-01,1348,868,144,249.68,9.6
2019-12-31,1348,868,144,249.68,9.6
2019-12-30,1344,867,144,249.52,9.6
2019-12-29,1338,867,144,249.4,9.56
2019-12-28,1339,868,144,249.32,9.56
2019-12-27,1337,867,144,249.24,9.56
2019-12-26,1336,867,144,249.24,9.56
2019-12-25,1333,867,144,249.16,9.56
2019-12-24,1332,867,144,249.16,9.56
2019-12-23,1331,866,144,249.12,9.56
2019-12-22,1330,866,144,249.12,9.56
2019-12-21,1328,866,144,249.08,9.56
2019-12-20,1323,865,144,248.92,9.56
2019-12-19,1319,865,144,247.2,9.52
2019-12-18,1316,865,143,235.28,9.2
2019-12-17,1315,864,143,235.28,9.2
2019-12-16,1313,863,143,235.28,9.2
2019-12-15,1310,863,143,235.16,9.2
2019-12-14,1308,861,143,235.08,9.2
2019-12-13,1308,861,143,235.04,9.2
2019-12-12,1308,862,143,235.04,9.2
2019-12-11,1304,862,143,235.04,9.2
2019-12-10,1302,862,143,235.04,9.2
2019-12-09,1299,862,143,235.04,9.2
2019-12-08,1298,862,143,235.04,9.12
2019-12-07,1295,862,143,235.04,9.08
2019-12-06,1295,862,143,235.04,9.08
2019-12-05,1295,862,143,235.04,9.08
2019-12-04,1292,862,143,234.84,9.08
2019-12-03,1291,862,143,234.76,9.04
2019-12-02,1286,862,143,234.48,9.04
2019-12-01,1284,861,143,234.48,9.0
2019-11-30,1281,861,143,234.48,9.0
2019-11-29,1282,861,143,234.44,9.0
2019-11-28,1282,861,143,234.44,9.0
2019-11-27,1280,861,143,234.4,9.0
2019-11-26,1282,886,143,234.4,9.0
2019-11-25,1278,886,143,234.36,9.0
2019-11-24,1274,886,143,234.32,9.0
2019-11-23,1273,886,143,234.32,9.0
2019-11-22,1271,886,143,234.32,9.0
2019-11-21,1267,886,143,234.32,9.0
2019-11-20,1266,886,143,234.24,9.0
2019-11-19,1264,886,143,234.0,9.0
2019-11-18,1261,884,143,234.0,9.0
2019-11-17,1259,882,143,233.2,9.0
2019-11-16,1257,883,143,233.2,9.0
2019-11-14,1251,882,143,233.2,9.0
2019-11-13,1248,882,143,233.2,8.88
2019-11-12,1244,882,143,233.12,8.88
2019-11-11,1241,880,143,233.4,8.88
2019-11-10,1241,880,143,233.4,8.88
2019-11-09,1240,880,143,233.32,8.88
2019-11-08,1238,880,143,233.32,8.88
2019-11-07,1234,879,143,233.2,8.88
2019-11-06,1230,879,143,233.08,8.88
2019-11-05,1228,879,143,233.08,8.88
2019-11-04,1226,879,143,233.08,8.88
2019-11-03,1226,879,143,233.08,8.88
2019-11-02,1223,877,143,233.04,8.88
2019-11-01,1223,876,143,233.04,8.88
2019-10-31,1221,877,143,232.96,8.88
2019-10-30,1220,877,143,232.96,8.88
2019-10-29,1218,878,143,232.88,8.88
2019-10-28,1219,878,143,232.88,8.88
2019-10-27,1219,878,143,232.88,8.88
2019-10-26,1216,877,143,232.88,8.88
2019-10-25,1213,877,143,232.88,8.88
2019-10-24,1213,875,143,232.88,8.88
2019-10-23,1211,875,143,232.68,8.88
2019-10-22,1210,873,143,232.64,8.88
2019-10-21,1207,873,143,232.64,8.88
2019-10-20,1205,872,143,232.64,8.88
2019-10-19,1202,871,143,232.64,8.88
2019-10-17,1198,871,143,232.56,8.88
2019-10-16,1195,870,143,232.56,8.84
2019-10-15,1193,870,143,232.56,8.84
2019-10-14,1196,870,143,232.56,8.84
2019-10-13,1196,870,143,232.56,8.84
2019-10-12,1194,871,143,232.52,8.84
2019-10-11,1194,871,143,232.52,8.84
2019-10-10,1193,871,143,232.52,8.84
2019-10-09,1190,871,143,232.52,8.84
2019-10-08,1190,871,143,232.52,8.84
2019-10-07,1187,870,143,232.48,8.84
2019-10-06,1183,869,143,231.76,8.84
2019-10-05,1177,867,143,231.76,8.84
2019-10-04,1176,870,143,231.76,8.84
2019-10-03,1173,891,143,231.76,8.84
2019-10-02,1171,891,143,231.76,8.84
2019-10-01,1171,891,143,231.76,8.84
2019-09-30,1169,891,143,231.56,8.84
2019-09-29,1167,891,143,231.56,8.84
2019-09-28,1164,891,143,231.28,8.84
2019-09-27,1162,891,143,0.0,0.0
