date,subs,views,subs_techtrek,views_techtrek,followers_instagram,following_instagram,media_instagram,avg_likes_instagram,avg_comments_instagram,followers_twitter,following_twitter,tweets_twitter,favorites_twitter,followers_tiktok,following_tiktok,likes_tiktok,uploads_tiktok
2022-05-18,160000.0,10609469.0,3430.0,19671.0,4607.0,817.0,163.0,561.875,32.625,4169.0,175.0,821.0,938.0,996.0,129.0,19300.0,22.0
2022-05-17,159000.0,10596085.0,3040.0,18935.0,4587.0,817.0,162.0,561.75,32.625,4165.0,175.0,819.0,938.0,,,,
2022-05-16,159000.0,10596085.0,3010.0,18903.0,4587.0,817.0,162.0,561.75,32.625,4154.0,175.0,814.0,935.0,,,,
2022-05-15,159000.0,10582538.0,3010.0,18866.0,4585.0,817.0,162.0,561.312,32.625,4140.0,175.0,803.0,922.0,,,,
2022-05-14,159000.0,10557181.0,3010.0,18840.0,4580.0,817.0,162.0,560.75,32.625,4131.0,175.0,800.0,920.0,,,,
2022-05-13,159000.0,10557181.0,3000.0,18790.0,4585.0,817.0,162.0,559.375,32.625,4125.0,173.0,787.0,915.0,,,,
2022-05-12,159000.0,10544247.0,3010.0,18730.0,4587.0,817.0,161.0,565.25,32.875,4123.0,173.0,783.0,909.0,,,,
2022-05-11,159000.0,10530573.0,3000.0,18664.0,4586.0,817.0,161.0,565.25,32.875,4109.0,173.0,781.0,906.0,,,,
2022-05-10,158000.0,10506763.0,3000.0,18624.0,4583.0,817.0,161.0,565.25,32.875,4098.0,173.0,774.0,902.0,,,,
2022-05-09,158000.0,10506763.0,3000.0,18573.0,4579.0,816.0,161.0,565.188,32.875,4096.0,173.0,770.0,899.0,,,,
2022-05-08,158000.0,10496296.0,2990.0,18532.0,4574.0,815.0,161.0,565.125,32.875,4093.0,174.0,766.0,898.0,,,,
2022-05-07,158000.0,10476971.0,2990.0,18507.0,4570.0,809.0,161.0,565.062,32.875,4092.0,174.0,764.0,896.0,,,,
2022-05-06,158000.0,10476971.0,2990.0,18449.0,4565.0,809.0,161.0,565.062,32.875,4087.0,174.0,762.0,895.0,,,,
2022-05-05,158000.0,10466032.0,2990.0,18410.0,4568.0,808.0,161.0,565.062,32.875,4086.0,174.0,759.0,894.0,,,,
2022-05-04,158000.0,10441147.0,2990.0,18348.0,4569.0,808.0,161.0,565.0,32.875,4084.0,174.0,750.0,894.0,,,,
2022-05-03,158000.0,10427778.0,2990.0,18283.0,4565.0,809.0,161.0,564.938,32.875,4079.0,174.0,748.0,891.0,,,,
2022-05-02,158000.0,10414709.0,2980.0,18215.0,4557.0,809.0,160.0,564.938,32.875,4058.0,174.0,742.0,884.0,,,,
2022-05-01,158000.0,10414709.0,2970.0,18181.0,4557.0,808.0,160.0,564.938,32.875,3840.0,173.0,726.0,871.0,,,,
2022-04-30,157000.0,10397030.0,2970.0,18147.0,4553.0,808.0,160.0,564.875,32.875,3833.0,173.0,725.0,869.0,,,,
2022-04-29,157000.0,10387557.0,2970.0,18111.0,4556.0,808.0,160.0,564.875,32.875,3833.0,173.0,723.0,866.0,,,,
2022-04-28,157000.0,10387557.0,2970.0,18067.0,4550.0,808.0,160.0,564.875,32.875,3812.0,173.0,721.0,863.0,,,,
2022-04-27,157000.0,10365869.0,2970.0,18016.0,4546.0,808.0,160.0,564.875,32.875,3813.0,173.0,720.0,863.0,,,,
2022-04-26,157000.0,10354350.0,2960.0,17971.0,4539.0,806.0,160.0,564.688,32.875,3803.0,167.0,699.0,860.0,,,,
2022-04-25,156000.0,10343929.0,2950.0,17918.0,4541.0,806.0,160.0,564.625,32.875,3798.0,165.0,691.0,853.0,,,,
2022-04-24,156000.0,10335314.0,2950.0,17892.0,4533.0,807.0,160.0,564.625,32.875,3795.0,165.0,688.0,851.0,,,,
2022-04-23,156000.0,10335314.0,2950.0,17864.0,4532.0,805.0,160.0,564.562,32.875,3781.0,165.0,684.0,847.0,,,,
2022-04-22,156000.0,10316919.0,2950.0,17821.0,4529.0,807.0,160.0,564.562,32.8125,3781.0,165.0,681.0,843.0,,,,
2022-04-21,156000.0,10306190.0,2940.0,17766.0,4524.0,805.0,159.0,564.562,32.75,3777.0,164.0,668.0,838.0,,,,
2022-04-20,156000.0,10306190.0,2940.0,17705.0,4525.0,804.0,159.0,564.125,32.625,3773.0,164.0,661.0,835.0,,,,
2022-04-19,156000.0,10285171.0,2940.0,17651.0,4518.0,801.0,159.0,563.188,32.625,3760.0,164.0,659.0,834.0,,,,
2022-04-18,156000.0,10274624.0,2940.0,17600.0,4517.0,799.0,159.0,580.375,34.4375,3747.0,163.0,650.0,825.0,,,,
2022-04-17,156000.0,10264296.0,2940.0,17566.0,4515.0,800.0,158.0,580.375,34.4375,3748.0,163.0,642.0,818.0,,,,
2022-04-16,155000.0,10264296.0,2940.0,17534.0,4514.0,797.0,158.0,580.125,34.4375,3746.0,161.0,641.0,815.0,,,,
2022-04-15,155000.0,10242720.0,2930.0,17502.0,4508.0,797.0,158.0,580.125,34.4375,3744.0,159.0,637.0,812.0,,,,
2022-04-14,155000.0,10242720.0,2930.0,17458.0,4506.0,797.0,158.0,580.125,34.4375,3744.0,159.0,630.0,804.0,,,,
2022-04-13,155000.0,10230906.0,2930.0,17394.0,4506.0,797.0,158.0,580.125,34.4375,3739.0,158.0,621.0,796.0,,,,
2022-04-12,155000.0,10219820.0,2920.0,17331.0,4508.0,799.0,158.0,580.062,34.4375,3738.0,158.0,621.0,794.0,,,,
2022-04-11,155000.0,10196032.0,2920.0,17278.0,4510.0,797.0,158.0,580.0,34.4375,3734.0,158.0,617.0,789.0,,,,
2022-04-10,155000.0,10196032.0,2920.0,17239.0,4509.0,797.0,158.0,580.0,34.4375,3733.0,158.0,615.0,788.0,,,,
2022-04-09,155000.0,10184418.0,,,,,,,,3729.0,158.0,612.0,786.0,,,,
2022-04-08,155000.0,10162825.0,2910.0,17169.0,4513.0,793.0,157.0,579.812,34.4375,3725.0,158.0,602.0,784.0,,,,
2022-04-07,154000.0,10162825.0,2910.0,17125.0,4513.0,792.0,157.0,579.75,34.4375,3724.0,158.0,597.0,784.0,,,,
2022-04-06,154000.0,10152352.0,2900.0,17065.0,4512.0,792.0,157.0,579.688,34.4375,3725.0,158.0,592.0,781.0,,,,
2022-04-05,154000.0,10130321.0,2900.0,17010.0,4500.0,793.0,157.0,579.625,34.4375,3725.0,157.0,589.0,777.0,,,,
2022-04-04,154000.0,10130321.0,2900.0,16953.0,4503.0,793.0,157.0,579.625,34.4375,3720.0,156.0,588.0,776.0,,,,
2022-04-03,154000.0,10109745.0,2890.0,16911.0,4499.0,792.0,157.0,579.562,34.4375,3718.0,156.0,588.0,775.0,,,,
2022-04-02,154000.0,10109745.0,2890.0,16877.0,4495.0,790.0,157.0,579.562,34.4375,3718.0,156.0,588.0,775.0,,,,
2022-04-01,154000.0,10100783.0,2890.0,16824.0,4497.0,790.0,157.0,579.562,34.4375,3714.0,156.0,587.0,775.0,,,,
2022-03-31,154000.0,10090927.0,2880.0,16770.0,4492.0,789.0,157.0,579.562,34.625,3715.0,156.0,584.0,775.0,,,,
2022-03-30,154000.0,10081453.0,2880.0,16714.0,4487.0,789.0,157.0,579.312,34.625,3714.0,156.0,582.0,775.0,,,,
2022-03-29,153000.0,10071619.0,2880.0,16676.0,4486.0,789.0,157.0,579.25,34.625,3708.0,156.0,577.0,773.0,,,,
2022-03-28,153000.0,10060478.0,2880.0,16585.0,4491.0,786.0,157.0,579.188,34.625,3703.0,156.0,577.0,773.0,,,,
2022-03-27,153000.0,10040937.0,2870.0,16541.0,4494.0,783.0,157.0,578.375,34.625,3704.0,156.0,576.0,772.0,,,,
2022-03-26,153000.0,10040937.0,2870.0,16499.0,4500.0,781.0,156.0,576.375,34.625,3701.0,156.0,574.0,772.0,,,,
2022-03-25,153000.0,10020311.0,2870.0,16447.0,4491.0,780.0,155.0,552.375,33.875,3701.0,156.0,574.0,772.0,,,,
2022-03-24,153000.0,10020311.0,2860.0,16409.0,4488.0,779.0,155.0,552.312,33.875,3698.0,156.0,573.0,772.0,,,,
2022-03-23,153000.0,10008465.0,2860.0,16357.0,4486.0,778.0,154.0,552.312,33.875,3698.0,157.0,573.0,772.0,,,,
2022-03-22,153000.0,9996473.0,2860.0,16292.0,4482.0,778.0,154.0,551.938,33.875,3698.0,157.0,573.0,772.0,,,,
2022-03-21,152000.0,9972728.0,2860.0,16232.0,4475.0,776.0,154.0,551.875,33.875,3693.0,157.0,572.0,772.0,,,,
2022-03-20,152000.0,9972728.0,2850.0,16180.0,4474.0,777.0,154.0,551.812,33.875,3693.0,157.0,572.0,772.0,,,,
2022-03-19,152000.0,9961781.0,2850.0,16125.0,4472.0,777.0,154.0,551.875,33.875,3691.0,157.0,572.0,772.0,,,,
2022-03-18,152000.0,9950605.0,2850.0,16074.0,4470.0,777.0,154.0,551.812,33.875,3685.0,157.0,572.0,772.0,,,,
2022-03-17,152000.0,9925604.0,2850.0,16023.0,4467.0,775.0,154.0,551.625,33.875,3680.0,166.0,569.0,768.0,,,,
2022-03-16,152000.0,9925604.0,2840.0,15974.0,4462.0,774.0,154.0,551.562,33.875,3677.0,166.0,563.0,764.0,,,,
2022-03-15,152000.0,9915480.0,2840.0,15918.0,4464.0,773.0,154.0,551.188,33.875,3674.0,166.0,563.0,762.0,,,,
2022-03-14,152000.0,9905309.0,2830.0,15857.0,4458.0,771.0,153.0,551.188,33.875,3672.0,166.0,563.0,762.0,,,,
2022-03-13,151000.0,9895657.0,2830.0,15810.0,4462.0,770.0,153.0,550.875,33.8125,3670.0,166.0,563.0,762.0,,,,
2022-03-12,151000.0,9877455.0,2820.0,15768.0,4458.0,768.0,153.0,550.188,33.8125,3671.0,166.0,562.0,761.0,,,,
2022-03-11,151000.0,9877455.0,2820.0,15726.0,4461.0,768.0,153.0,549.438,33.8125,3670.0,166.0,561.0,760.0,,,,
2022-03-10,151000.0,9866383.0,2820.0,15694.0,4458.0,768.0,153.0,546.188,33.8125,3669.0,166.0,560.0,759.0,,,,
2022-03-09,151000.0,9857053.0,2810.0,15654.0,4454.0,768.0,152.0,527.812,33.5625,3669.0,166.0,559.0,757.0,,,,
2022-03-08,151000.0,9846682.0,2800.0,15597.0,4453.0,768.0,152.0,527.625,33.5625,,,,,,,,
2022-03-07,151000.0,9823028.0,2800.0,15530.0,4448.0,767.0,152.0,527.625,33.5625,3669.0,166.0,555.0,754.0,,,,
2022-03-06,151000.0,9823028.0,2800.0,15484.0,4445.0,767.0,152.0,527.438,33.5625,3667.0,166.0,555.0,754.0,,,,
2022-03-05,150000.0,9798951.0,2790.0,15441.0,4447.0,766.0,152.0,527.312,33.5625,3666.0,166.0,555.0,754.0,,,,
2022-03-04,150000.0,9798951.0,2780.0,15398.0,4446.0,766.0,152.0,527.312,33.5625,3663.0,166.0,555.0,754.0,,,,
2022-03-03,150000.0,9784134.0,2780.0,15350.0,4440.0,765.0,152.0,527.0,33.5625,3662.0,162.0,555.0,753.0,,,,
2022-03-02,150000.0,9765493.0,2780.0,15294.0,4435.0,764.0,152.0,526.938,33.5625,3654.0,162.0,555.0,753.0,,,,
2022-03-01,149000.0,9731793.0,2770.0,15223.0,4435.0,764.0,152.0,526.938,33.5625,3652.0,162.0,555.0,750.0,,,,
2022-02-28,149000.0,9731793.0,2760.0,15177.0,4437.0,764.0,152.0,526.812,33.5625,3651.0,162.0,550.0,747.0,,,,
2022-02-27,149000.0,9721157.0,2750.0,15138.0,4435.0,763.0,152.0,526.625,33.5625,3650.0,162.0,550.0,745.0,,,,
2022-02-26,149000.0,9711253.0,2740.0,15097.0,4430.0,764.0,152.0,526.375,33.5625,3650.0,162.0,549.0,745.0,,,,
2022-02-25,149000.0,9701375.0,2740.0,15049.0,4430.0,764.0,152.0,525.812,33.5625,3646.0,162.0,549.0,743.0,,,,
2022-02-24,149000.0,9689745.0,2730.0,14969.0,4428.0,763.0,152.0,525.812,33.5625,3642.0,162.0,549.0,743.0,,,,
2022-02-23,149000.0,9676609.0,2700.0,14917.0,4423.0,764.0,152.0,525.812,33.5625,3629.0,161.0,548.0,740.0,,,,
2022-02-22,149000.0,9664713.0,2690.0,14876.0,4415.0,765.0,152.0,525.5,33.5625,3621.0,161.0,546.0,738.0,,,,
2022-02-21,148000.0,9651501.0,2680.0,14839.0,4408.0,764.0,152.0,524.625,33.4375,3608.0,161.0,545.0,736.0,,,,
2022-02-20,148000.0,9627128.0,2680.0,14771.0,4401.0,763.0,152.0,521.312,33.375,3591.0,161.0,543.0,733.0,,,,
2022-02-19,148000.0,9627128.0,2680.0,14730.0,4410.0,762.0,151.0,520.75,32.25,3587.0,161.0,540.0,731.0,,,,
2022-02-18,148000.0,9601824.0,2670.0,14686.0,4400.0,761.0,151.0,520.375,32.25,3563.0,159.0,530.0,726.0,,,,
2022-02-17,148000.0,9601824.0,2660.0,14628.0,4408.0,760.0,151.0,519.688,32.1875,3563.0,158.0,524.0,723.0,,,,
2022-02-16,148000.0,9592363.0,2660.0,14582.0,4408.0,760.0,151.0,519.688,32.125,3561.0,158.0,517.0,722.0,,,,
2022-02-15,148000.0,9582602.0,2660.0,14536.0,4409.0,758.0,151.0,519.688,32.0625,3560.0,158.0,517.0,722.0,,,,
2022-02-14,148000.0,9572369.0,2660.0,14483.0,4405.0,757.0,151.0,519.812,32.0625,3560.0,158.0,517.0,722.0,,,,
2022-02-13,148000.0,9563673.0,2650.0,14449.0,4405.0,756.0,151.0,519.75,32.0625,3558.0,158.0,517.0,722.0,,,,
2022-02-12,147000.0,9547116.0,2650.0,14412.0,4404.0,756.0,151.0,519.75,32.0625,3557.0,158.0,517.0,721.0,,,,
2022-02-11,147000.0,9547116.0,2650.0,14371.0,4399.0,756.0,151.0,519.688,32.0625,3558.0,158.0,517.0,720.0,,,,
2022-02-10,147000.0,9538294.0,2640.0,14324.0,4396.0,755.0,151.0,519.25,32.0625,3554.0,158.0,513.0,719.0,,,,
2022-02-09,147000.0,9528373.0,2640.0,14275.0,4424.0,756.0,151.0,517.938,32.0625,3552.0,158.0,512.0,719.0,,,,
2022-02-08,147000.0,9518629.0,2640.0,14217.0,4414.0,757.0,151.0,517.938,32.0625,3554.0,160.0,511.0,719.0,,,,
2022-02-07,147000.0,9508812.0,2630.0,14168.0,4410.0,755.0,151.0,517.938,32.0625,3558.0,160.0,508.0,719.0,,,,
2022-02-06,147000.0,9488932.0,2630.0,14126.0,4410.0,757.0,151.0,517.812,32.0625,3558.0,159.0,507.0,718.0,,,,
2022-02-05,147000.0,9479831.0,2620.0,14089.0,4406.0,757.0,151.0,517.812,32.0625,3555.0,159.0,506.0,718.0,,,,
2022-02-04,146000.0,9479831.0,2620.0,14036.0,4408.0,757.0,151.0,517.812,32.0625,3554.0,159.0,504.0,720.0,,,,
2022-02-03,146000.0,9460136.0,2620.0,13944.0,4403.0,757.0,151.0,517.812,32.0625,3549.0,157.0,499.0,717.0,,,,
2022-02-02,146000.0,9449583.0,2620.0,13905.0,4400.0,755.0,151.0,517.812,32.0625,3550.0,157.0,498.0,717.0,,,,
2022-02-01,146000.0,9449583.0,2620.0,13874.0,4400.0,756.0,151.0,517.562,32.0625,3551.0,154.0,497.0,715.0,,,,
2022-01-31,146000.0,9438934.0,2610.0,13874.0,4397.0,762.0,151.0,517.875,32.0625,3551.0,159.0,497.0,714.0,,,,
2022-01-30,146000.0,9419035.0,2610.0,13831.0,4399.0,764.0,151.0,517.875,32.0625,3548.0,158.0,495.0,714.0,,,,
2022-01-29,146000.0,9419035.0,2610.0,13768.0,4392.0,763.0,151.0,517.875,32.0625,3548.0,158.0,495.0,714.0,,,,
2022-01-28,146000.0,9409674.0,2600.0,13731.0,4392.0,764.0,151.0,517.875,32.0625,3544.0,158.0,495.0,714.0,,,,
2022-01-27,145000.0,9398989.0,2590.0,13673.0,4390.0,788.0,151.0,517.875,32.0625,3544.0,159.0,495.0,714.0,,,,
2022-01-26,145000.0,9388053.0,2580.0,13629.0,4383.0,788.0,151.0,517.875,32.0625,3540.0,163.0,494.0,714.0,,,,
2022-01-25,145000.0,9366770.0,2580.0,13558.0,4374.0,788.0,151.0,517.875,32.125,3537.0,162.0,494.0,713.0,,,,
2022-01-24,145000.0,9366770.0,2570.0,13515.0,4364.0,788.0,151.0,517.812,32.125,3540.0,162.0,494.0,713.0,,,,
2022-01-23,145000.0,9355227.0,2570.0,13474.0,4364.0,787.0,151.0,517.875,32.125,3540.0,162.0,494.0,713.0,,,,
2022-01-22,145000.0,9345574.0,2560.0,13436.0,4361.0,790.0,151.0,517.938,32.125,3538.0,162.0,494.0,713.0,,,,
2022-01-21,144000.0,9335207.0,2560.0,13385.0,4362.0,791.0,151.0,517.125,32.125,3538.0,162.0,494.0,711.0,,,,
2022-01-20,144000.0,9314352.0,2560.0,13360.0,4360.0,790.0,151.0,517.062,32.125,3536.0,162.0,494.0,711.0,,,,
2022-01-19,144000.0,9314352.0,2550.0,13304.0,4359.0,790.0,151.0,517.062,32.125,3535.0,162.0,494.0,711.0,,,,
2022-01-18,144000.0,9292647.0,2550.0,13255.0,4355.0,790.0,151.0,517.0,32.125,3531.0,162.0,494.0,711.0,,,,
2022-01-17,144000.0,9292647.0,2550.0,13223.0,4351.0,794.0,151.0,516.812,32.125,3528.0,162.0,494.0,711.0,,,,
2022-01-16,144000.0,9272116.0,2540.0,13160.0,4347.0,794.0,151.0,516.875,32.125,3527.0,162.0,494.0,711.0,,,,
2022-01-15,144000.0,9262296.0,2530.0,13104.0,4346.0,793.0,151.0,516.875,32.125,3524.0,162.0,494.0,710.0,,,,
2022-01-14,144000.0,9262296.0,2530.0,13057.0,4345.0,793.0,151.0,516.875,32.125,3522.0,162.0,493.0,710.0,,,,
2022-01-13,143000.0,9251832.0,2520.0,12985.0,4344.0,793.0,151.0,516.812,32.125,3516.0,162.0,493.0,710.0,,,,
2022-01-12,143000.0,9241237.0,2510.0,12897.0,4340.0,793.0,151.0,516.875,32.125,3515.0,162.0,493.0,710.0,,,,
2022-01-11,143000.0,9219227.0,2510.0,12831.0,4340.0,793.0,151.0,516.938,32.125,3511.0,162.0,493.0,708.0,,,,
2022-01-10,143000.0,9207999.0,2500.0,12781.0,4333.0,792.0,151.0,516.625,32.125,3509.0,162.0,493.0,707.0,,,,
2022-01-09,143000.0,9197965.0,2500.0,12727.0,4332.0,792.0,151.0,516.688,32.125,3508.0,165.0,491.0,705.0,,,,
2022-01-08,143000.0,9197965.0,2500.0,12678.0,4332.0,792.0,151.0,516.688,32.125,3501.0,166.0,487.0,698.0,,,,
2022-01-07,143000.0,9178520.0,2490.0,12629.0,4331.0,792.0,151.0,516.562,32.125,3490.0,166.0,485.0,697.0,,,,
2022-01-06,142000.0,9168293.0,2490.0,12587.0,4328.0,792.0,151.0,516.562,32.125,3487.0,166.0,485.0,697.0,,,,
2022-01-05,142000.0,9168293.0,2490.0,12543.0,4327.0,794.0,151.0,516.625,32.125,3486.0,166.0,485.0,696.0,,,,
2022-01-04,142000.0,9147892.0,2490.0,12505.0,4322.0,794.0,151.0,516.5,32.125,3483.0,166.0,485.0,696.0,,,,
2022-01-03,142000.0,9147892.0,2490.0,12477.0,4324.0,794.0,151.0,516.438,32.125,3480.0,166.0,484.0,696.0,,,,
2022-01-02,142000.0,9137956.0,2480.0,12435.0,4321.0,794.0,151.0,515.875,32.125,3480.0,166.0,483.0,695.0,,,,
2022-01-01,142000.0,9119446.0,2480.0,12415.0,4321.0,794.0,151.0,515.875,32.125,3480.0,166.0,483.0,694.0,,,,
2021-12-31,142000.0,9119446.0,2480.0,12388.0,4320.0,795.0,151.0,515.875,32.125,3475.0,165.0,483.0,694.0,,,,
2021-12-30,142000.0,9109693.0,2480.0,12362.0,4319.0,795.0,151.0,515.875,32.125,3476.0,170.0,483.0,694.0,,,,
2021-12-29,141000.0,9099350.0,2470.0,12328.0,4316.0,796.0,151.0,515.875,32.125,3472.0,170.0,483.0,693.0,,,,
2021-12-28,141000.0,9088882.0,2470.0,12304.0,4315.0,796.0,151.0,515.875,32.125,3471.0,170.0,483.0,693.0,,,,
2021-12-27,141000.0,9078137.0,2470.0,12284.0,4315.0,796.0,151.0,515.875,32.125,3466.0,169.0,483.0,691.0,,,,
2021-12-26,141000.0,9057542.0,2470.0,12265.0,4317.0,796.0,151.0,515.625,32.125,3462.0,169.0,483.0,691.0,,,,
2021-12-25,141000.0,9057542.0,2470.0,12249.0,4314.0,796.0,151.0,515.625,32.125,3459.0,176.0,483.0,692.0,,,,
2021-12-24,141000.0,9048460.0,2460.0,12224.0,4314.0,796.0,151.0,515.625,32.125,3459.0,176.0,483.0,692.0,,,,
2021-12-23,141000.0,9029653.0,2460.0,12188.0,4314.0,796.0,151.0,515.562,32.125,3457.0,176.0,483.0,692.0,,,,
2021-12-22,140000.0,9029653.0,2460.0,12150.0,4314.0,796.0,151.0,515.562,32.125,3458.0,176.0,483.0,691.0,,,,
2021-12-21,140000.0,9019391.0,2450.0,12119.0,4314.0,796.0,151.0,515.562,32.125,3458.0,175.0,483.0,690.0,,,,
2021-12-20,140000.0,9009481.0,2450.0,12078.0,4313.0,796.0,151.0,515.562,32.125,3456.0,175.0,483.0,690.0,,,,
2021-12-19,140000.0,9000177.0,2440.0,12045.0,4313.0,794.0,151.0,515.438,32.125,3457.0,175.0,483.0,690.0,,,,
2021-12-18,140000.0,8991655.0,2440.0,12017.0,4304.0,794.0,151.0,514.375,32.125,3454.0,175.0,483.0,690.0,,,,
2021-12-17,140000.0,8983564.0,2440.0,11980.0,4307.0,795.0,151.0,514.938,32.125,3454.0,175.0,483.0,690.0,,,,
2021-12-16,140000.0,8974777.0,2430.0,11941.0,4306.0,794.0,151.0,515.0,32.125,3454.0,175.0,483.0,690.0,,,,
2021-12-15,140000.0,8965889.0,2430.0,11892.0,4308.0,795.0,151.0,514.938,32.125,3453.0,175.0,483.0,690.0,,,,
2021-12-14,140000.0,8957463.0,2420.0,11833.0,4307.0,795.0,151.0,514.562,32.125,3451.0,175.0,483.0,690.0,,,,
2021-12-13,139000.0,8940140.0,2420.0,11777.0,4305.0,795.0,151.0,514.562,32.125,3452.0,175.0,483.0,690.0,,,,
2021-12-12,139000.0,8930703.0,2410.0,11737.0,4302.0,795.0,151.0,514.5,32.125,3456.0,175.0,483.0,690.0,,,,
2021-12-11,139000.0,8930703.0,2410.0,11701.0,4302.0,795.0,151.0,514.5,32.125,3456.0,175.0,483.0,690.0,,,,
2021-12-10,139000.0,8922537.0,2410.0,11667.0,4304.0,796.0,151.0,514.375,32.125,3453.0,175.0,483.0,690.0,,,,
2021-12-09,139000.0,8904965.0,2410.0,11613.0,4307.0,796.0,151.0,514.375,32.125,3453.0,175.0,483.0,690.0,,,,
2021-12-08,139000.0,8904965.0,2400.0,11561.0,4310.0,794.0,151.0,514.375,32.125,3452.0,175.0,483.0,690.0,,,,
2021-12-07,139000.0,8886800.0,2400.0,11530.0,4311.0,795.0,151.0,514.375,32.125,3452.0,175.0,483.0,690.0,,,,
2021-12-06,139000.0,8886800.0,2390.0,11497.0,4309.0,795.0,151.0,514.438,32.125,3453.0,175.0,483.0,690.0,,,,
2021-12-05,138000.0,8868052.0,2390.0,11469.0,4306.0,795.0,151.0,514.562,32.125,3456.0,175.0,483.0,690.0,,,,
2021-12-04,138000.0,8868052.0,2390.0,11424.0,4307.0,795.0,151.0,514.562,32.125,3450.0,175.0,483.0,690.0,,,,
2021-12-03,138000.0,8849151.0,2390.0,11379.0,4302.0,796.0,151.0,514.375,32.125,3447.0,175.0,483.0,690.0,,,,
2021-12-02,138000.0,8840177.0,2380.0,11313.0,4300.0,797.0,151.0,514.188,32.125,3446.0,175.0,483.0,690.0,,,,
2021-12-01,138000.0,8840177.0,2380.0,11266.0,4301.0,798.0,151.0,514.188,32.125,3447.0,175.0,483.0,690.0,,,,
2021-11-30,138000.0,8819190.0,2370.0,11205.0,4299.0,798.0,151.0,514.188,32.125,3448.0,175.0,483.0,690.0,,,,
2021-11-29,138000.0,8819190.0,2370.0,11165.0,4300.0,798.0,151.0,513.938,32.125,3444.0,175.0,483.0,690.0,,,,
2021-11-28,138000.0,8808716.0,2370.0,11135.0,4294.0,798.0,151.0,513.75,32.0625,3443.0,175.0,483.0,690.0,,,,
2021-11-27,137000.0,8799878.0,2370.0,11106.0,4286.0,798.0,151.0,513.75,32.0625,3440.0,175.0,483.0,690.0,,,,
2021-11-26,137000.0,8791100.0,2360.0,11084.0,4288.0,798.0,151.0,514.062,32.25,3437.0,175.0,483.0,690.0,,,,
2021-11-25,137000.0,8781827.0,2360.0,11058.0,4288.0,797.0,151.0,514.0,32.25,3436.0,175.0,483.0,691.0,,,,
2021-11-24,137000.0,8772450.0,2360.0,11020.0,4287.0,797.0,151.0,514.0,32.25,3436.0,175.0,483.0,691.0,,,,
2021-11-23,137000.0,8762535.0,2360.0,10970.0,4287.0,797.0,151.0,514.0,32.25,3441.0,175.0,483.0,691.0,,,,
2021-11-22,137000.0,8752414.0,2360.0,10937.0,4281.0,796.0,151.0,513.875,32.25,3437.0,175.0,483.0,692.0,,,,
2021-11-21,137000.0,8743426.0,2350.0,10895.0,4278.0,796.0,151.0,513.938,32.25,3432.0,175.0,483.0,693.0,,,,
2021-11-20,137000.0,8735206.0,2350.0,10849.0,4273.0,797.0,151.0,513.938,32.25,3430.0,175.0,483.0,693.0,,,,
2021-11-19,137000.0,8727094.0,2350.0,10802.0,4272.0,797.0,151.0,513.688,32.1875,3427.0,175.0,483.0,693.0,,,,
2021-11-18,136000.0,8717833.0,2350.0,10753.0,4263.0,797.0,151.0,513.688,32.1875,3427.0,175.0,483.0,693.0,,,,
2021-11-17,136000.0,8708477.0,2340.0,10716.0,4259.0,797.0,151.0,513.688,32.1875,3427.0,175.0,483.0,693.0,,,,
2021-11-16,136000.0,8699035.0,2340.0,10667.0,4255.0,797.0,151.0,513.688,32.1875,3421.0,175.0,483.0,693.0,,,,
2021-11-15,136000.0,8689294.0,2330.0,10625.0,4254.0,797.0,151.0,513.625,32.1875,3419.0,175.0,483.0,693.0,,,,
2021-11-14,136000.0,8680052.0,2320.0,10592.0,4255.0,796.0,151.0,513.625,32.1875,3417.0,175.0,483.0,693.0,,,,
2021-11-13,136000.0,8671410.0,2320.0,10559.0,4257.0,796.0,151.0,513.812,32.1875,3417.0,175.0,483.0,693.0,,,,
2021-11-12,136000.0,8663090.0,2320.0,10529.0,4258.0,798.0,151.0,513.688,32.1875,3414.0,175.0,483.0,693.0,,,,
2021-11-11,136000.0,8654253.0,2320.0,10487.0,4256.0,799.0,151.0,513.625,32.1875,3413.0,175.0,483.0,693.0,,,,
2021-11-10,136000.0,8644738.0,2310.0,10444.0,4253.0,799.0,151.0,513.625,32.1875,3415.0,175.0,483.0,693.0,,,,
2021-11-09,135000.0,8635694.0,2300.0,10409.0,4250.0,799.0,151.0,513.625,32.1875,3412.0,175.0,483.0,693.0,,,,
2021-11-08,135000.0,8626865.0,2300.0,10357.0,4248.0,799.0,151.0,513.688,32.1875,3416.0,175.0,483.0,693.0,,,,
2021-11-07,135000.0,8616987.0,2300.0,10305.0,4247.0,799.0,151.0,513.562,32.1875,3417.0,175.0,483.0,693.0,,,,
2021-11-06,135000.0,8607942.0,2290.0,10296.0,4250.0,799.0,151.0,513.562,32.1875,3414.0,175.0,483.0,693.0,,,,
2021-11-05,135000.0,8592061.0,2290.0,10247.0,4248.0,799.0,151.0,513.625,32.1875,3409.0,175.0,483.0,693.0,,,,
2021-11-04,135000.0,8592061.0,2290.0,10209.0,4249.0,800.0,151.0,512.812,32.1875,3407.0,175.0,483.0,693.0,,,,
2021-11-03,135000.0,8582298.0,2280.0,10173.0,4246.0,801.0,151.0,512.688,32.125,3407.0,175.0,483.0,693.0,,,,
2021-11-02,135000.0,8574200.0,2270.0,10119.0,4246.0,800.0,151.0,512.438,32.125,3406.0,175.0,483.0,693.0,,,,
2021-11-01,134000.0,8563659.0,2270.0,10083.0,4240.0,800.0,151.0,512.438,32.125,3402.0,175.0,483.0,693.0,,,,
2021-10-31,134000.0,8554799.0,2270.0,10068.0,4242.0,800.0,151.0,512.5,32.125,3401.0,175.0,483.0,693.0,,,,
2021-10-30,134000.0,8547028.0,2270.0,10026.0,4239.0,800.0,151.0,512.188,32.125,3399.0,175.0,483.0,693.0,,,,
2021-10-29,134000.0,8528351.0,2270.0,9993.0,4236.0,799.0,151.0,512.312,32.125,3397.0,175.0,483.0,693.0,,,,
2021-10-28,134000.0,8517147.0,2270.0,9942.0,4243.0,801.0,151.0,512.312,32.125,3397.0,175.0,483.0,693.0,,,,
2021-10-27,134000.0,8517147.0,2260.0,9889.0,4245.0,801.0,151.0,512.188,32.125,3398.0,175.0,483.0,694.0,,,,
2021-10-26,134000.0,8507116.0,2260.0,9852.0,4241.0,800.0,151.0,512.25,32.125,3397.0,175.0,483.0,694.0,,,,
2021-10-25,134000.0,8497997.0,2260.0,9812.0,4242.0,800.0,151.0,512.188,32.125,3397.0,175.0,483.0,694.0,,,,
2021-10-24,133000.0,8488684.0,2260.0,9778.0,4238.0,799.0,151.0,512.188,32.125,3392.0,175.0,483.0,694.0,,,,
2021-10-23,133000.0,8480107.0,2260.0,9749.0,4241.0,799.0,151.0,512.062,32.125,3391.0,175.0,483.0,694.0,,,,
2021-10-22,133000.0,8471198.0,2260.0,9714.0,4242.0,799.0,151.0,512.062,32.125,3381.0,175.0,483.0,694.0,,,,
2021-10-21,133000.0,8462827.0,2250.0,9670.0,4241.0,799.0,151.0,512.062,32.125,3383.0,175.0,483.0,694.0,,,,
2021-10-20,133000.0,8451927.0,2250.0,9638.0,4214.0,799.0,151.0,511.5,32.125,3380.0,175.0,483.0,694.0,,,,
2021-10-19,133000.0,8442288.0,2240.0,9614.0,4116.0,799.0,151.0,510.812,32.125,3373.0,175.0,483.0,694.0,,,,
2021-10-18,133000.0,8418309.0,2240.0,9554.0,4108.0,799.0,151.0,510.688,32.125,3373.0,175.0,483.0,694.0,,,,
2021-10-17,133000.0,8418309.0,2240.0,9528.0,4104.0,799.0,151.0,510.625,32.125,3374.0,175.0,483.0,694.0,,,,
2021-10-16,132000.0,8412997.0,2230.0,9476.0,4100.0,799.0,151.0,510.625,32.125,3371.0,175.0,483.0,694.0,,,,
2021-10-15,132000.0,8403818.0,2230.0,9440.0,4098.0,799.0,151.0,510.625,32.0,3371.0,175.0,483.0,694.0,,,,
2021-10-14,132000.0,8394632.0,2230.0,9384.0,4092.0,799.0,151.0,510.375,31.9375,3372.0,175.0,483.0,694.0,,,,
2021-10-13,132000.0,8384405.0,2220.0,9344.0,4087.0,799.0,151.0,510.312,31.9375,3371.0,175.0,483.0,694.0,,,,
2021-10-12,132000.0,8375275.0,2220.0,9292.0,4087.0,799.0,151.0,510.312,31.9375,3369.0,175.0,483.0,694.0,,,,
2021-10-11,132000.0,8365853.0,2210.0,9223.0,4085.0,799.0,151.0,510.25,31.9375,3368.0,175.0,483.0,694.0,,,,
2021-10-10,132000.0,8354599.0,2210.0,9204.0,4086.0,800.0,151.0,510.25,31.9375,3366.0,175.0,483.0,694.0,,,,
2021-10-09,132000.0,8349850.0,2200.0,9149.0,4083.0,800.0,151.0,510.0,31.9375,3363.0,175.0,483.0,694.0,,,,
2021-10-08,131000.0,8340509.0,2200.0,9103.0,4077.0,800.0,151.0,510.0,31.9375,3363.0,175.0,483.0,694.0,,,,
2021-10-07,131000.0,8333092.0,2190.0,9052.0,4076.0,800.0,151.0,510.0,31.9375,3359.0,175.0,483.0,694.0,,,,
2021-10-06,131000.0,8323359.0,2190.0,9029.0,4072.0,800.0,151.0,509.938,31.9375,3355.0,175.0,483.0,694.0,,,,
2021-10-05,131000.0,8313512.0,2190.0,8993.0,4071.0,801.0,151.0,509.938,31.9375,3352.0,175.0,483.0,695.0,,,,
2021-10-04,131000.0,8304283.0,2180.0,8950.0,,,,,,,,,,,,,
2021-10-03,131000.0,8295257.0,2180.0,8925.0,4067.0,801.0,151.0,509.875,31.9375,3348.0,175.0,483.0,695.0,,,,
2021-10-02,131000.0,8286877.0,2170.0,8853.0,4065.0,800.0,151.0,509.875,31.9375,3346.0,175.0,483.0,695.0,,,,
2021-10-01,131000.0,8269981.0,2160.0,8853.0,4056.0,800.0,151.0,510.0,31.9375,3340.0,175.0,483.0,695.0,,,,
2021-09-30,130000.0,8269981.0,2160.0,8831.0,4054.0,800.0,151.0,510.0,31.9375,3335.0,175.0,483.0,695.0,,,,
2021-09-29,130000.0,8260695.0,2150.0,8799.0,4051.0,800.0,151.0,510.0,31.9375,3332.0,175.0,483.0,695.0,,,,
2021-09-28,130000.0,8251470.0,2150.0,8759.0,4052.0,800.0,151.0,510.0,31.9375,3329.0,175.0,483.0,695.0,,,,
2021-09-27,130000.0,8238447.0,2150.0,8732.0,4051.0,802.0,151.0,509.5,31.9375,3328.0,175.0,483.0,695.0,,,,
2021-09-26,130000.0,8233103.0,2150.0,8706.0,4053.0,802.0,151.0,509.5,31.9375,3328.0,175.0,483.0,695.0,,,,
2021-09-25,130000.0,8215923.0,2140.0,8677.0,4052.0,802.0,151.0,509.5,31.9375,3328.0,175.0,483.0,695.0,,,,
2021-09-24,130000.0,8215923.0,2140.0,8614.0,4044.0,802.0,151.0,510.438,31.9375,3329.0,175.0,483.0,695.0,,,,
2021-09-23,130000.0,8206688.0,2130.0,8568.0,4042.0,802.0,151.0,510.375,31.9375,3332.0,175.0,483.0,695.0,,,,
2021-09-22,129000.0,8197624.0,2130.0,8526.0,4040.0,801.0,151.0,509.688,31.9375,3331.0,175.0,483.0,695.0,,,,
2021-09-21,129000.0,8188333.0,2130.0,8487.0,4034.0,801.0,151.0,509.625,31.875,3328.0,175.0,483.0,695.0,,,,
2021-09-20,129000.0,8179307.0,2120.0,8457.0,4034.0,802.0,151.0,509.625,31.875,3325.0,175.0,483.0,695.0,,,,
2021-09-19,129000.0,8170715.0,2120.0,8442.0,4037.0,802.0,151.0,509.375,31.875,3320.0,175.0,483.0,695.0,,,,
2021-09-18,129000.0,8162435.0,2110.0,8412.0,4035.0,800.0,151.0,509.062,31.875,3320.0,175.0,483.0,695.0,,,,
2021-09-17,129000.0,8154291.0,2110.0,8373.0,4032.0,800.0,151.0,508.938,31.875,3317.0,175.0,483.0,695.0,,,,
2021-09-16,129000.0,8146061.0,2110.0,8334.0,4028.0,799.0,151.0,508.875,31.875,3316.0,175.0,483.0,695.0,,,,
2021-09-15,128000.0,8137325.0,2100.0,8311.0,4028.0,799.0,151.0,508.875,31.875,3307.0,175.0,483.0,695.0,,,,
2021-09-14,128000.0,8128897.0,2100.0,8259.0,4023.0,800.0,151.0,508.875,31.875,3306.0,175.0,483.0,695.0,,,,
2021-09-13,128000.0,8119104.0,2100.0,8233.0,4019.0,800.0,151.0,508.875,31.875,3301.0,175.0,483.0,695.0,,,,
2021-09-12,128000.0,8112268.0,2090.0,8205.0,4017.0,800.0,151.0,508.75,31.875,3302.0,175.0,483.0,695.0,,,,
2021-09-11,128000.0,8104695.0,2090.0,8184.0,4014.0,800.0,151.0,508.75,31.875,3302.0,175.0,483.0,695.0,,,,
2021-09-10,128000.0,8097335.0,2090.0,8157.0,4011.0,800.0,151.0,508.625,31.875,3303.0,175.0,483.0,695.0,,,,
2021-09-09,128000.0,8088831.0,2080.0,8120.0,4008.0,800.0,151.0,508.5,31.875,3298.0,175.0,483.0,695.0,,,,
2021-09-08,128000.0,8080681.0,2080.0,8090.0,4005.0,800.0,151.0,507.812,31.875,3299.0,175.0,483.0,695.0,,,,
2021-09-07,127000.0,8072084.0,2080.0,8050.0,4006.0,800.0,151.0,507.812,31.875,3297.0,175.0,483.0,695.0,,,,
2021-09-06,127000.0,8063752.0,2070.0,8027.0,4002.0,800.0,151.0,507.812,31.875,3295.0,175.0,483.0,695.0,,,,
2021-09-05,127000.0,8054932.0,2070.0,8016.0,3998.0,800.0,151.0,507.812,31.875,3294.0,175.0,483.0,695.0,,,,
2021-09-04,127000.0,8048636.0,2070.0,7989.0,3989.0,800.0,151.0,507.812,31.875,3293.0,175.0,483.0,695.0,,,,
2021-09-03,127000.0,8040766.0,2070.0,7953.0,3985.0,800.0,151.0,507.812,31.875,3292.0,175.0,483.0,695.0,,,,
2021-09-02,127000.0,8032307.0,2060.0,7918.0,3981.0,800.0,151.0,507.688,31.875,3292.0,175.0,483.0,695.0,,,,
2021-09-01,127000.0,8024429.0,2060.0,7895.0,,,,,,3289.0,175.0,483.0,695.0,,,,
2021-08-31,127000.0,8016780.0,2060.0,7866.0,3980.0,800.0,151.0,507.375,31.875,3287.0,175.0,483.0,695.0,,,,
2021-08-30,127000.0,8008214.0,2050.0,7835.0,3979.0,799.0,151.0,507.375,31.875,3288.0,175.0,483.0,695.0,,,,
2021-08-29,126000.0,7996897.0,2050.0,7822.0,3973.0,799.0,151.0,507.375,31.875,3285.0,175.0,483.0,695.0,,,,
2021-08-28,126000.0,7990773.0,2050.0,7805.0,3967.0,799.0,151.0,507.312,31.875,3290.0,175.0,483.0,695.0,,,,
2021-08-27,126000.0,7983296.0,2040.0,7773.0,,,,,,3284.0,175.0,483.0,695.0,,,,
2021-08-26,126000.0,7974990.0,2040.0,7732.0,3966.0,799.0,151.0,507.188,31.875,3282.0,175.0,483.0,695.0,,,,
2021-08-25,126000.0,7966444.0,2040.0,7687.0,3958.0,801.0,151.0,506.812,31.875,3283.0,175.0,483.0,695.0,,,,
2021-08-24,126000.0,7955839.0,2040.0,7654.0,,,,,,3281.0,175.0,483.0,695.0,,,,
2021-08-23,126000.0,7948374.0,2030.0,7615.0,,,,,,3278.0,175.0,483.0,695.0,,,,
2021-08-22,126000.0,7939619.0,2030.0,7587.0,3952.0,801.0,151.0,506.562,31.875,3277.0,175.0,483.0,695.0,,,,
2021-08-21,125000.0,7931714.0,2030.0,7561.0,3949.0,801.0,151.0,506.562,31.875,3277.0,175.0,483.0,695.0,,,,
2021-08-20,125000.0,7923484.0,2020.0,7542.0,3946.0,800.0,151.0,506.688,31.875,3275.0,175.0,483.0,695.0,,,,
2021-08-19,125000.0,7914881.0,2020.0,7515.0,3943.0,801.0,151.0,506.625,31.875,3276.0,175.0,483.0,696.0,,,,
2021-08-18,125000.0,7906028.0,2010.0,7482.0,3941.0,801.0,151.0,506.625,31.875,3276.0,175.0,483.0,696.0,,,,
2021-08-17,125000.0,7896439.0,2010.0,7450.0,3940.0,801.0,151.0,506.375,31.875,3277.0,175.0,483.0,696.0,,,,
2021-08-16,125000.0,7887192.0,2010.0,7399.0,3931.0,801.0,151.0,505.625,31.875,3275.0,175.0,483.0,696.0,,,,
2021-08-15,125000.0,7874091.0,2010.0,7372.0,3933.0,801.0,151.0,505.562,31.875,3272.0,175.0,483.0,696.0,,,,
2021-08-14,124000.0,7870485.0,2000.0,7345.0,3931.0,801.0,151.0,505.5,31.875,3272.0,175.0,483.0,696.0,,,,
2021-08-13,124000.0,7862465.0,2000.0,7317.0,3932.0,801.0,151.0,505.375,31.875,3275.0,175.0,483.0,696.0,,,,
2021-08-12,124000.0,7853991.0,1990.0,7299.0,3926.0,801.0,151.0,505.312,31.875,3273.0,175.0,483.0,696.0,,,,
2021-08-11,124000.0,7844727.0,1990.0,7273.0,3928.0,801.0,151.0,505.375,31.875,3274.0,175.0,483.0,696.0,,,,
2021-08-10,124000.0,7835701.0,1990.0,7203.0,3924.0,800.0,151.0,505.375,31.875,3273.0,175.0,483.0,696.0,,,,
2021-08-09,124000.0,7818876.0,1980.0,7203.0,3923.0,798.0,151.0,505.375,31.875,3269.0,175.0,483.0,696.0,,,,
2021-08-08,124000.0,7818876.0,1980.0,7167.0,3920.0,799.0,151.0,505.375,31.875,3271.0,174.0,483.0,696.0,,,,
2021-08-07,124000.0,7810558.0,1980.0,7143.0,3919.0,799.0,151.0,505.375,31.875,3268.0,174.0,483.0,696.0,,,,
2021-08-06,123000.0,7803266.0,1970.0,7091.0,3917.0,800.0,151.0,505.312,31.875,3268.0,174.0,483.0,696.0,,,,
2021-08-05,123000.0,7792498.0,1960.0,7079.0,3917.0,799.0,151.0,505.375,31.875,3263.0,174.0,483.0,696.0,,,,
2021-08-04,123000.0,7786069.0,1960.0,7036.0,3916.0,800.0,151.0,505.375,31.875,3263.0,174.0,483.0,696.0,,,,
2021-08-03,123000.0,7777241.0,1950.0,7010.0,3911.0,800.0,151.0,505.375,31.875,3261.0,174.0,483.0,696.0,,,,
2021-08-02,123000.0,7768164.0,1950.0,6959.0,3915.0,801.0,151.0,505.375,31.875,3261.0,174.0,483.0,696.0,,,,
2021-08-01,123000.0,7759039.0,1940.0,6918.0,3917.0,801.0,151.0,505.375,31.8125,3262.0,174.0,483.0,696.0,,,,
2021-07-31,123000.0,7750514.0,1930.0,6877.0,3912.0,800.0,151.0,505.375,31.8125,3259.0,174.0,483.0,696.0,,,,
2021-07-30,123000.0,7742372.0,1930.0,6858.0,3909.0,801.0,151.0,505.438,31.8125,3258.0,174.0,483.0,696.0,,,,
2021-07-29,123000.0,7734246.0,1920.0,6828.0,3910.0,801.0,151.0,505.438,31.8125,3256.0,174.0,483.0,696.0,,,,
2021-07-28,122000.0,7725347.0,1920.0,6784.0,3900.0,799.0,151.0,505.312,31.8125,3255.0,174.0,483.0,696.0,,,,
2021-07-27,122000.0,7715138.0,1910.0,6744.0,3901.0,799.0,151.0,505.25,31.75,3256.0,174.0,483.0,696.0,,,,
2021-07-26,122000.0,7705412.0,1910.0,6720.0,3905.0,799.0,151.0,505.312,31.75,3255.0,174.0,483.0,696.0,,,,
2021-07-25,122000.0,7696999.0,1900.0,6690.0,3901.0,801.0,151.0,505.312,31.75,3248.0,174.0,483.0,696.0,,,,
2021-07-24,122000.0,7688255.0,1900.0,6662.0,3896.0,801.0,151.0,505.312,31.75,3236.0,174.0,483.0,696.0,,,,
2021-07-23,122000.0,7679959.0,1910.0,6609.0,3896.0,803.0,151.0,505.25,31.75,3225.0,174.0,483.0,695.0,,,,
2021-07-22,121000.0,7669961.0,1900.0,6574.0,3892.0,803.0,151.0,505.25,31.75,3222.0,174.0,483.0,695.0,,,,
2021-07-21,121000.0,7660671.0,1900.0,6537.0,3885.0,804.0,151.0,505.125,31.75,3222.0,174.0,483.0,695.0,,,,
2021-07-20,121000.0,7651409.0,1890.0,6503.0,3881.0,805.0,151.0,505.125,31.75,3219.0,174.0,483.0,695.0,,,,
2021-07-19,121000.0,7643053.0,1890.0,6462.0,3881.0,805.0,151.0,505.125,31.75,3208.0,174.0,483.0,695.0,,,,
2021-07-18,121000.0,7634541.0,1880.0,6431.0,3882.0,805.0,151.0,505.125,31.75,3207.0,174.0,483.0,695.0,,,,
2021-07-17,121000.0,7626450.0,1880.0,6405.0,3882.0,805.0,151.0,505.125,31.75,3204.0,174.0,483.0,695.0,,,,
2021-07-16,121000.0,7618521.0,1870.0,6381.0,3881.0,805.0,151.0,505.125,31.75,3201.0,174.0,483.0,695.0,,,,
2021-07-15,121000.0,7609922.0,1870.0,6342.0,3875.0,805.0,151.0,505.0,31.75,3195.0,174.0,483.0,695.0,,,,
2021-07-14,120000.0,7601402.0,1860.0,6312.0,3868.0,805.0,151.0,504.875,31.75,3189.0,174.0,483.0,695.0,,,,
2021-07-13,120000.0,7591669.0,1860.0,6253.0,3865.0,804.0,151.0,504.938,31.75,3189.0,174.0,483.0,695.0,,,,
2021-07-12,120000.0,7582450.0,1850.0,6207.0,3861.0,801.0,151.0,504.938,31.75,3185.0,174.0,483.0,695.0,,,,
2021-07-11,120000.0,7571798.0,1840.0,6171.0,3857.0,801.0,151.0,505.062,31.6875,3188.0,174.0,483.0,695.0,,,,
2021-07-10,120000.0,7566210.0,1840.0,6112.0,3858.0,801.0,151.0,505.062,31.6875,3187.0,174.0,483.0,695.0,,,,
2021-07-09,120000.0,7558635.0,1840.0,6075.0,3856.0,801.0,151.0,505.062,31.6875,3186.0,174.0,483.0,695.0,,,,
2021-07-08,120000.0,7550156.0,1830.0,6046.0,3859.0,803.0,151.0,505.062,31.6875,3185.0,174.0,483.0,695.0,,,,
2021-07-07,119000.0,7541280.0,1830.0,6005.0,3858.0,803.0,151.0,505.0,31.6875,3183.0,174.0,483.0,695.0,,,,
2021-07-06,119000.0,7533161.0,1820.0,5984.0,3856.0,803.0,151.0,504.938,31.6875,3181.0,174.0,483.0,695.0,,,,
2021-07-05,119000.0,7524845.0,1820.0,5950.0,3853.0,803.0,151.0,504.75,31.6875,3174.0,174.0,483.0,695.0,,,,
2021-07-04,119000.0,7514507.0,1820.0,5939.0,3853.0,804.0,151.0,504.688,31.6875,3170.0,174.0,483.0,695.0,,,,
2021-07-03,119000.0,7509282.0,1820.0,5912.0,3851.0,804.0,151.0,504.438,31.6875,3169.0,174.0,483.0,695.0,,,,
2021-07-02,119000.0,7502333.0,1820.0,5881.0,3849.0,805.0,151.0,504.5,31.6875,3163.0,174.0,483.0,695.0,,,,
2021-07-01,119000.0,7494580.0,1810.0,5837.0,3849.0,805.0,151.0,504.5,31.6875,3155.0,174.0,483.0,695.0,,,,
2021-06-30,119000.0,7486815.0,1810.0,5814.0,3849.0,805.0,151.0,504.375,31.6875,3157.0,174.0,483.0,695.0,,,,
2021-06-29,118000.0,7479503.0,1800.0,5783.0,3846.0,806.0,151.0,504.375,31.6875,3152.0,174.0,483.0,695.0,,,,
2021-06-28,118000.0,7470969.0,1800.0,5735.0,3842.0,805.0,151.0,504.375,31.625,3148.0,174.0,483.0,695.0,,,,
2021-06-27,118000.0,7463542.0,1790.0,5703.0,3843.0,805.0,151.0,504.375,31.625,3148.0,174.0,483.0,695.0,,,,
2021-06-26,118000.0,7456319.0,1790.0,5675.0,3845.0,804.0,151.0,504.375,31.625,3144.0,174.0,483.0,695.0,,,,
2021-06-25,118000.0,7448950.0,1790.0,5641.0,3843.0,806.0,151.0,504.188,31.5625,3146.0,174.0,483.0,695.0,,,,
2021-06-24,118000.0,7441450.0,1780.0,5610.0,3847.0,806.0,151.0,504.188,31.5625,3142.0,174.0,483.0,695.0,,,,
2021-06-23,118000.0,7433680.0,1780.0,5574.0,3845.0,806.0,151.0,504.25,31.5625,3137.0,174.0,483.0,695.0,,,,
2021-06-22,118000.0,7425658.0,1770.0,5543.0,3843.0,806.0,151.0,504.125,31.5625,3131.0,174.0,483.0,695.0,,,,
2021-06-21,117000.0,7417528.0,1770.0,5522.0,3842.0,806.0,151.0,504.0,31.5625,3130.0,174.0,483.0,695.0,,,,
2021-06-20,117000.0,7409296.0,1760.0,5494.0,3835.0,806.0,151.0,503.188,31.5625,3123.0,174.0,483.0,695.0,,,,
2021-06-19,117000.0,7402098.0,1750.0,5467.0,3836.0,806.0,151.0,502.938,31.5625,3123.0,174.0,483.0,695.0,,,,
2021-06-18,117000.0,7395086.0,1750.0,5436.0,3833.0,806.0,151.0,502.938,31.5625,3123.0,174.0,483.0,695.0,,,,
2021-06-17,117000.0,7386618.0,1740.0,5408.0,3835.0,806.0,151.0,502.875,31.5625,3119.0,174.0,483.0,696.0,,,,
2021-06-16,117000.0,7378641.0,1730.0,5364.0,3831.0,806.0,151.0,502.875,31.5625,3116.0,174.0,483.0,696.0,,,,
2021-06-15,117000.0,7370225.0,1730.0,5338.0,3824.0,805.0,151.0,502.75,31.5625,3112.0,174.0,483.0,696.0,,,,
2021-06-14,117000.0,7361528.0,1720.0,5295.0,3820.0,805.0,151.0,502.75,31.5625,3108.0,174.0,483.0,696.0,,,,
2021-06-13,117000.0,7353838.0,1720.0,5267.0,3811.0,805.0,151.0,502.562,31.5625,3106.0,174.0,483.0,696.0,,,,
2021-06-12,116000.0,7346207.0,1720.0,5234.0,,,,,,3105.0,174.0,483.0,696.0,,,,
2021-06-11,116000.0,7338751.0,1710.0,5186.0,3809.0,804.0,151.0,502.375,31.5625,3101.0,173.0,483.0,696.0,,,,
2021-06-10,116000.0,7330827.0,1710.0,5153.0,3805.0,804.0,151.0,502.125,31.5625,3101.0,173.0,483.0,696.0,,,,
2021-06-09,116000.0,7313580.0,1700.0,5118.0,3803.0,805.0,151.0,502.25,31.5625,3099.0,173.0,483.0,696.0,,,,
2021-06-08,116000.0,7313580.0,1700.0,5080.0,3797.0,805.0,151.0,453.1,26.45,3097.0,173.0,483.0,696.0,,,,
2021-06-07,116000.0,7304263.0,1690.0,5040.0,3793.0,804.0,151.0,453.15,26.4,3095.0,173.0,483.0,696.0,,,,
2021-06-06,116000.0,7295661.0,1690.0,5009.0,3788.0,804.0,151.0,452.95,26.4,3091.0,173.0,483.0,696.0,,,,
2021-06-05,115000.0,7287815.0,1680.0,4978.0,3789.0,804.0,151.0,452.9,26.4,3082.0,173.0,483.0,696.0,,,,
2021-06-04,115000.0,7279840.0,1680.0,4939.0,3783.0,804.0,151.0,452.85,26.4,3063.0,173.0,483.0,695.0,,,,
2021-06-03,115000.0,7271467.0,1670.0,4891.0,3783.0,804.0,151.0,452.9,26.4,3059.0,173.0,483.0,694.0,,,,
2021-06-02,115000.0,7262436.0,1660.0,4853.0,3779.0,804.0,151.0,452.7,26.4,3058.0,173.0,483.0,694.0,,,,
2021-06-01,115000.0,7253750.0,1660.0,4818.0,3772.0,803.0,151.0,452.6,26.4,3056.0,173.0,483.0,694.0,,,,
2021-05-31,115000.0,7245253.0,1650.0,4761.0,3764.0,804.0,151.0,452.6,26.4,3055.0,173.0,483.0,694.0,,,,
2021-05-30,115000.0,7234403.0,1650.0,4736.0,3764.0,803.0,151.0,452.65,26.4,3056.0,173.0,483.0,694.0,,,,
2021-05-29,115000.0,7228309.0,1640.0,4689.0,3763.0,803.0,151.0,452.5,26.4,3052.0,173.0,483.0,694.0,,,,
2021-05-28,114000.0,7220741.0,1640.0,4658.0,3760.0,803.0,151.0,452.4,26.4,3048.0,173.0,483.0,694.0,,,,
2021-05-27,114000.0,7212359.0,1630.0,4613.0,3756.0,803.0,151.0,453.0,26.4,3046.0,172.0,483.0,694.0,,,,
2021-05-26,114000.0,7203940.0,1630.0,4545.0,3751.0,803.0,151.0,453.0,26.4,3043.0,172.0,482.0,693.0,,,,
2021-05-25,114000.0,7195002.0,1620.0,4501.0,3743.0,803.0,151.0,453.0,26.4,3045.0,172.0,482.0,693.0,,,,
2021-05-24,114000.0,7186143.0,1610.0,4444.0,3733.0,802.0,151.0,452.7,26.4,3041.0,172.0,482.0,693.0,,,,
2021-05-23,114000.0,7175831.0,1600.0,4408.0,3726.0,803.0,151.0,452.6,26.4,3037.0,172.0,482.0,693.0,,,,
2021-05-22,114000.0,7171054.0,1600.0,4376.0,3726.0,802.0,151.0,452.6,26.4,3037.0,172.0,482.0,693.0,,,,
2021-05-21,114000.0,7163719.0,1590.0,4346.0,3729.0,803.0,151.0,452.9,26.4,3033.0,172.0,482.0,693.0,,,,
2021-05-20,113000.0,7155213.0,1590.0,4289.0,3725.0,803.0,151.0,452.95,26.4,3030.0,172.0,482.0,693.0,,,,
2021-05-19,113000.0,7146370.0,1580.0,4234.0,3725.0,803.0,151.0,452.95,26.4,3029.0,172.0,482.0,693.0,,,,
2021-05-18,113000.0,7137361.0,1570.0,4197.0,3726.0,803.0,151.0,452.9,26.4,3029.0,172.0,482.0,693.0,,,,
2021-05-17,113000.0,7127516.0,1570.0,4166.0,3726.0,805.0,151.0,452.8,26.4,3028.0,172.0,482.0,694.0,,,,
2021-05-16,113000.0,7118737.0,1560.0,4132.0,3721.0,805.0,151.0,452.8,26.4,3029.0,172.0,482.0,694.0,,,,
2021-05-15,113000.0,7110852.0,1560.0,4097.0,3718.0,805.0,151.0,452.8,26.4,3027.0,172.0,482.0,694.0,,,,
2021-05-14,113000.0,7103040.0,,,3715.0,804.0,151.0,452.75,26.4,3021.0,172.0,482.0,693.0,,,,
2021-05-13,113000.0,7094233.0,1550.0,3976.0,3709.0,804.0,151.0,452.75,26.4,3017.0,172.0,482.0,692.0,,,,
2021-05-12,112000.0,7086517.0,1540.0,3937.0,3702.0,804.0,151.0,452.7,26.4,3013.0,172.0,482.0,692.0,,,,
2021-05-11,112000.0,7077902.0,1540.0,3899.0,3696.0,804.0,151.0,452.55,26.4,3010.0,172.0,482.0,689.0,,,,
2021-05-10,112000.0,7068600.0,1540.0,3855.0,3691.0,805.0,151.0,452.5,26.4,3004.0,172.0,482.0,689.0,,,,
2021-05-09,112000.0,7060976.0,1540.0,3803.0,3689.0,805.0,151.0,452.45,26.4,3004.0,172.0,481.0,688.0,,,,
2021-05-08,112000.0,7053095.0,1530.0,3781.0,3687.0,805.0,151.0,452.4,26.4,3004.0,172.0,481.0,687.0,,,,
2021-05-07,112000.0,7045201.0,1530.0,3726.0,3682.0,805.0,151.0,452.4,26.4,2999.0,172.0,481.0,686.0,,,,
2021-05-06,112000.0,7036525.0,1520.0,3686.0,3683.0,803.0,151.0,452.35,26.4,2995.0,172.0,481.0,686.0,,,,
2021-05-05,112000.0,7028005.0,1510.0,3662.0,3683.0,803.0,151.0,452.3,26.35,2997.0,172.0,481.0,686.0,,,,
2021-05-04,111000.0,7019699.0,1510.0,3646.0,3677.0,803.0,151.0,451.6,26.35,2992.0,172.0,481.0,687.0,,,,
2021-05-03,111000.0,7010920.0,1510.0,3623.0,3669.0,803.0,151.0,450.9,26.35,2987.0,172.0,481.0,685.0,,,,
2021-05-02,111000.0,7000213.0,1500.0,3616.0,3665.0,802.0,151.0,450.9,26.35,2980.0,172.0,481.0,684.0,,,,
2021-05-01,111000.0,6994074.0,1500.0,3591.0,3667.0,804.0,151.0,450.0,26.35,2976.0,172.0,481.0,683.0,,,,
2021-04-30,111000.0,6986169.0,1490.0,3564.0,3669.0,803.0,151.0,450.3,26.35,2969.0,171.0,481.0,683.0,,,,
2021-04-29,111000.0,6977881.0,1490.0,3540.0,3665.0,803.0,151.0,450.05,26.35,2972.0,171.0,481.0,683.0,,,,
2021-04-28,111000.0,6970246.0,1490.0,3510.0,3662.0,804.0,151.0,450.05,26.35,2966.0,170.0,481.0,683.0,,,,
2021-04-27,110000.0,6960563.0,1480.0,3510.0,3661.0,804.0,151.0,450.05,26.35,2962.0,170.0,481.0,682.0,,,,
2021-04-26,110000.0,6951456.0,1450.0,3432.0,3659.0,805.0,151.0,449.95,26.35,2962.0,170.0,481.0,682.0,,,,
2021-04-25,110000.0,6940327.0,1440.0,3415.0,3646.0,805.0,151.0,449.1,26.35,2957.0,170.0,481.0,682.0,,,,
2021-04-24,110000.0,6934038.0,1430.0,3385.0,3636.0,804.0,151.0,449.0,26.35,2947.0,170.0,481.0,681.0,,,,
2021-04-23,109000.0,6926799.0,1420.0,3358.0,3637.0,803.0,151.0,448.95,26.35,2938.0,170.0,480.0,679.0,,,,
2021-04-22,109000.0,6918101.0,1410.0,3322.0,3642.0,804.0,151.0,449.45,26.35,2936.0,170.0,480.0,679.0,,,,
2021-04-21,109000.0,6908993.0,1410.0,3293.0,3640.0,804.0,151.0,449.45,26.35,2937.0,170.0,477.0,675.0,,,,
2021-04-20,109000.0,6900358.0,1400.0,3269.0,3635.0,804.0,151.0,449.35,26.35,2933.0,170.0,477.0,674.0,,,,
2021-04-19,109000.0,6891876.0,1400.0,3239.0,3635.0,804.0,151.0,449.25,26.35,2930.0,170.0,477.0,674.0,,,,
2021-04-18,109000.0,6883148.0,1390.0,3205.0,3627.0,803.0,151.0,449.1,26.35,2929.0,170.0,477.0,674.0,,,,
2021-04-17,109000.0,6874487.0,1390.0,3189.0,3621.0,802.0,151.0,449.05,26.35,2924.0,170.0,476.0,672.0,,,,
2021-04-16,109000.0,6868159.0,1380.0,3148.0,3620.0,802.0,151.0,449.25,26.35,2926.0,170.0,476.0,672.0,,,,
2021-04-15,108000.0,6858272.0,1380.0,3117.0,3619.0,802.0,151.0,449.35,26.35,2921.0,170.0,476.0,672.0,,,,
2021-04-14,108000.0,6849817.0,1370.0,3092.0,3616.0,802.0,151.0,449.3,26.35,2917.0,170.0,476.0,671.0,,,,
2021-04-13,108000.0,6832958.0,1360.0,3067.0,3613.0,802.0,151.0,449.2,26.35,2911.0,170.0,476.0,670.0,,,,
2021-04-12,108000.0,6823455.0,1350.0,3030.0,3609.0,802.0,151.0,449.2,26.35,2906.0,170.0,476.0,670.0,,,,
2021-04-11,108000.0,6816369.0,1350.0,3005.0,3606.0,803.0,151.0,449.2,26.35,2898.0,170.0,476.0,670.0,,,,
2021-04-10,108000.0,6808632.0,1350.0,2986.0,3606.0,803.0,151.0,449.15,26.35,2889.0,170.0,476.0,670.0,,,,
2021-04-09,108000.0,6799606.0,1350.0,2950.0,3605.0,803.0,151.0,449.05,26.35,2885.0,170.0,476.0,670.0,,,,
2021-04-08,108000.0,6790902.0,1350.0,2950.0,3604.0,803.0,151.0,449.05,26.55,2879.0,170.0,476.0,670.0,,,,
2021-04-07,108000.0,6781982.0,1350.0,2871.0,3604.0,803.0,151.0,449.0,26.55,2873.0,170.0,476.0,670.0,,,,
2021-04-06,108000.0,6772872.0,1340.0,2846.0,3602.0,803.0,151.0,449.0,26.55,2872.0,170.0,476.0,669.0,,,,
2021-04-05,107000.0,6763166.0,1340.0,2812.0,3601.0,801.0,151.0,448.95,26.55,2861.0,171.0,476.0,667.0,,,,
2021-04-04,107000.0,6757027.0,1330.0,2779.0,3598.0,803.0,151.0,448.6,26.55,2853.0,171.0,476.0,667.0,,,,
2021-04-03,107000.0,6748167.0,1330.0,2738.0,3599.0,803.0,151.0,448.55,26.55,2854.0,171.0,476.0,667.0,,,,
2021-04-02,107000.0,6739746.0,1320.0,2685.0,3595.0,803.0,151.0,448.55,26.55,2848.0,171.0,476.0,665.0,,,,
2021-04-01,107000.0,6731219.0,1300.0,2634.0,3595.0,803.0,151.0,448.45,26.55,2844.0,170.0,474.0,664.0,,,,
2021-03-31,107000.0,6722674.0,1300.0,2591.0,3594.0,803.0,151.0,448.35,26.55,2838.0,170.0,473.0,662.0,,,,
2021-03-30,107000.0,6714362.0,1290.0,2467.0,3591.0,803.0,151.0,448.2,26.55,2827.0,170.0,472.0,661.0,,,,
2021-03-29,106000.0,6706236.0,1280.0,2269.0,3592.0,803.0,151.0,448.1,26.55,2822.0,170.0,472.0,661.0,,,,
2021-03-28,106000.0,6698226.0,1270.0,1938.0,3587.0,803.0,151.0,448.0,26.55,2820.0,170.0,470.0,661.0,,,,
2021-03-27,106000.0,6689269.0,1250.0,1918.0,3586.0,803.0,151.0,447.75,26.55,2820.0,170.0,470.0,661.0,,,,
2021-03-26,106000.0,6679094.0,1240.0,1891.0,3581.0,804.0,151.0,447.55,26.55,2813.0,170.0,470.0,659.0,,,,
2021-03-25,106000.0,6670744.0,1240.0,1869.0,3580.0,804.0,151.0,446.9,26.5,2806.0,170.0,469.0,658.0,,,,
2021-03-24,106000.0,6660434.0,1230.0,1810.0,3573.0,804.0,151.0,446.3,26.5,2800.0,170.0,469.0,658.0,,,,
2021-03-23,105000.0,6650912.0,1230.0,1718.0,3569.0,804.0,151.0,443.1,26.35,2774.0,169.0,464.0,654.0,,,,
2021-03-22,105000.0,6642512.0,1200.0,1636.0,3561.0,804.0,150.0,412.4,21.55,2614.0,168.0,445.0,650.0,,,,
2021-03-20,105000.0,6627679.0,1170.0,1450.0,3552.0,803.0,150.0,412.3,21.55,2607.0,168.0,443.0,649.0,,,,
2021-03-19,105000.0,6617774.0,1150.0,1318.0,3547.0,803.0,150.0,412.2,21.55,2602.0,168.0,442.0,648.0,,,,
2021-03-18,105000.0,6609215.0,1140.0,1125.0,3542.0,803.0,150.0,412.2,21.55,2604.0,168.0,442.0,649.0,,,,
2021-03-17,105000.0,6599670.0,1110.0,596.0,3531.0,802.0,150.0,412.2,21.5,2602.0,168.0,442.0,648.0,,,,
2021-03-16,104000.0,6591578.0,1050.0,188.0,3531.0,801.0,150.0,412.1,21.5,2593.0,167.0,437.0,646.0,,,,
2021-03-15,104000.0,6583182.0,1000.0,0.0,3532.0,803.0,150.0,412.05,21.5,2582.0,167.0,435.0,645.0,,,,
2021-03-14,104000.0,6575525.0,989.0,0.0,3530.0,803.0,150.0,412.05,21.5,2580.0,167.0,434.0,645.0,,,,
2021-03-13,104000.0,6567684.0,977.0,0.0,3530.0,804.0,150.0,412.1,21.5,2574.0,167.0,434.0,645.0,,,,
2021-03-12,104000.0,6558868.0,964.0,0.0,3524.0,804.0,150.0,411.6,21.5,2571.0,167.0,434.0,644.0,,,,
2021-03-11,104000.0,6549843.0,946.0,0.0,3519.0,803.0,150.0,411.6,21.5,2572.0,166.0,433.0,644.0,,,,
2021-03-10,104000.0,6540994.0,924.0,0.0,3520.0,803.0,150.0,411.35,21.5,2569.0,166.0,433.0,644.0,,,,
2021-03-09,103000.0,6532366.0,904.0,0.0,3520.0,803.0,150.0,411.35,21.5,2567.0,166.0,433.0,643.0,,,,
2021-03-08,103000.0,6523650.0,887.0,0.0,3517.0,804.0,150.0,411.3,21.5,2564.0,166.0,433.0,643.0,,,,
2021-03-07,103000.0,6515675.0,821.0,0.0,3517.0,804.0,150.0,411.2,21.5,2563.0,166.0,433.0,643.0,,,,
2021-03-06,103000.0,6506581.0,,,3514.0,805.0,150.0,411.15,21.5,2558.0,166.0,433.0,643.0,,,,
2021-03-05,103000.0,6506581.0,,,3515.0,805.0,150.0,411.1,21.5,2556.0,166.0,433.0,643.0,,,,
2021-03-04,103000.0,6498379.0,,,3515.0,805.0,150.0,411.05,21.5,2554.0,166.0,433.0,643.0,,,,
2021-03-03,103000.0,6485005.0,,,3511.0,805.0,150.0,411.05,21.5,2548.0,166.0,433.0,643.0,,,,
2021-03-02,102000.0,6475848.0,,,,,,,,2546.0,166.0,433.0,643.0,,,,
2021-03-01,102000.0,6467430.0,,,3509.0,805.0,150.0,411.0,21.5,2542.0,166.0,433.0,642.0,,,,
2021-02-28,102000.0,6459012.0,,,3505.0,805.0,150.0,410.85,21.5,2536.0,166.0,433.0,642.0,,,,
2021-02-27,102000.0,6451909.0,,,3502.0,805.0,150.0,410.85,21.5,2532.0,166.0,433.0,642.0,,,,
2021-02-26,102000.0,6443493.0,,,3503.0,805.0,150.0,410.85,21.5,2527.0,166.0,434.0,641.0,,,,
2021-02-25,102000.0,6435347.0,,,3493.0,805.0,150.0,410.9,21.5,2519.0,166.0,434.0,641.0,,,,
2021-02-24,102000.0,6426436.0,,,3494.0,805.0,150.0,410.9,21.5,2513.0,166.0,434.0,641.0,,,,
2021-02-23,101000.0,6417586.0,,,,,,,,2506.0,166.0,434.0,641.0,,,,
2021-02-22,101000.0,6408402.0,,,,,,,,2501.0,166.0,434.0,641.0,,,,
2021-02-21,101000.0,6399850.0,,,3491.0,805.0,150.0,410.95,21.5,2498.0,169.0,433.0,638.0,,,,
2021-02-20,101000.0,6391438.0,,,3478.0,806.0,150.0,410.95,21.45,2489.0,169.0,433.0,638.0,,,,
2021-02-19,101000.0,6382431.0,,,3473.0,806.0,150.0,410.75,21.45,2481.0,169.0,432.0,638.0,,,,
2021-02-18,101000.0,6371611.0,,,3470.0,806.0,150.0,410.55,21.45,2476.0,168.0,430.0,636.0,,,,
2021-02-17,101000.0,6362408.0,,,,,,,,2459.0,167.0,425.0,634.0,,,,
2021-02-16,101000.0,6353549.0,,,3464.0,806.0,150.0,410.8,21.45,2455.0,167.0,425.0,634.0,,,,
2021-02-15,100000.0,6345366.0,,,3461.0,806.0,150.0,410.85,21.4,2448.0,167.0,425.0,634.0,,,,
2021-02-14,100000.0,6337816.0,,,3459.0,807.0,150.0,410.85,21.35,2443.0,167.0,423.0,634.0,,,,
2021-02-13,100000.0,6330520.0,,,3450.0,807.0,150.0,410.85,21.35,2436.0,167.0,423.0,634.0,,,,
2021-02-12,100000.0,6321222.0,,,3445.0,807.0,150.0,410.7,21.3,2430.0,167.0,423.0,633.0,,,,
2021-02-11,100000.0,6309636.0,,,3439.0,809.0,150.0,410.5,21.2,2422.0,167.0,423.0,633.0,,,,
2021-02-10,100000.0,6295777.0,,,,,,,,2412.0,167.0,423.0,631.0,,,,
2021-02-09,100000.0,6289965.0,,,3429.0,808.0,150.0,409.3,21.1,2391.0,165.0,413.0,630.0,,,,
2021-02-07,99700.0,6272901.0,,,3420.0,808.0,150.0,409.4,21.1,2377.0,165.0,412.0,629.0,,,,
2021-02-06,99600.0,6264155.0,,,3418.0,808.0,150.0,408.65,21.05,2372.0,165.0,412.0,629.0,,,,
2021-02-05,99400.0,6255339.0,,,3415.0,806.0,150.0,408.3,21.05,2364.0,165.0,410.0,627.0,,,,
2021-02-04,99200.0,6243844.0,,,3407.0,806.0,150.0,408.15,21.05,2353.0,164.0,409.0,625.0,,,,
2021-02-03,99100.0,6233455.0,,,3404.0,806.0,150.0,407.55,21.05,2341.0,163.0,409.0,623.0,,,,
2021-02-02,98900.0,6223534.0,,,3403.0,806.0,150.0,407.1,21.0,2339.0,163.0,409.0,622.0,,,,
2021-02-01,98800.0,6212478.0,,,3403.0,806.0,150.0,404.4,20.65,2332.0,163.0,408.0,621.0,,,,
2021-01-31,98600.0,6203683.0,,,3406.0,807.0,149.0,392.35,20.65,2325.0,163.0,404.0,620.0,,,,
2021-01-30,98400.0,6194763.0,,,3339.0,805.0,149.0,390.65,20.65,2313.0,163.0,400.0,620.0,,,,
2021-01-29,98000.0,6185533.0,,,3316.0,804.0,149.0,390.25,20.6,2293.0,162.0,399.0,618.0,,,,
2021-01-28,97900.0,6176720.0,,,3310.0,805.0,149.0,390.2,20.6,2241.0,162.0,380.0,619.0,,,,
2021-01-27,97800.0,6167375.0,,,3306.0,806.0,149.0,390.15,20.6,2231.0,162.0,380.0,619.0,,,,
2021-01-26,97600.0,6158040.0,,,3304.0,806.0,149.0,390.05,20.6,2223.0,162.0,379.0,618.0,,,,
2021-01-25,97500.0,6148329.0,,,3306.0,806.0,149.0,390.05,20.6,2218.0,162.0,379.0,618.0,,,,
2021-01-24,97300.0,6138954.0,,,3305.0,806.0,149.0,389.55,20.6,2204.0,162.0,379.0,618.0,,,,
2021-01-23,97200.0,6130420.0,,,3297.0,805.0,149.0,389.45,20.6,2190.0,162.0,378.0,618.0,,,,
2021-01-22,97100.0,6122363.0,,,3295.0,805.0,149.0,389.15,20.6,2180.0,162.0,378.0,618.0,,,,
2021-01-21,96900.0,6113578.0,,,3296.0,805.0,149.0,389.2,20.6,2166.0,161.0,376.0,616.0,,,,
2021-01-20,96800.0,6104417.0,,,3286.0,805.0,149.0,389.2,20.6,2161.0,161.0,376.0,616.0,,,,
2021-01-19,96700.0,6094755.0,,,3284.0,805.0,149.0,389.65,20.6,2147.0,161.0,376.0,616.0,,,,
2021-01-18,96600.0,6084614.0,,,3283.0,805.0,149.0,389.5,20.6,2139.0,161.0,373.0,614.0,,,,
2021-01-17,96400.0,6075316.0,,,3262.0,806.0,149.0,389.1,20.6,2135.0,161.0,369.0,613.0,,,,
2021-01-16,96200.0,6066596.0,,,3256.0,806.0,149.0,388.8,20.6,2132.0,161.0,369.0,613.0,,,,
2021-01-15,96100.0,6058313.0,,,3254.0,807.0,149.0,388.8,20.6,2119.0,161.0,369.0,612.0,,,,
2021-01-14,95900.0,6049293.0,,,3251.0,807.0,149.0,387.5,20.6,2093.0,161.0,367.0,610.0,,,,
2021-01-13,95800.0,6041320.0,,,3248.0,807.0,149.0,387.2,20.6,2088.0,160.0,367.0,610.0,,,,
2021-01-12,95600.0,6030109.0,,,3242.0,806.0,149.0,387.0,20.6,2087.0,160.0,367.0,609.0,,,,
2021-01-11,95500.0,6020501.0,,,3239.0,805.0,149.0,386.95,20.6,2083.0,161.0,367.0,607.0,,,,
2021-01-10,95300.0,6010703.0,,,3236.0,805.0,149.0,386.75,20.6,2076.0,161.0,367.0,607.0,,,,
2021-01-09,95200.0,6001107.0,,,3230.0,806.0,149.0,386.65,20.6,2069.0,162.0,367.0,606.0,,,,
2021-01-08,95000.0,5992741.0,,,3225.0,806.0,149.0,386.6,20.6,2060.0,161.0,367.0,605.0,,,,
2021-01-07,94900.0,5983304.0,,,3227.0,806.0,149.0,386.65,20.6,2056.0,161.0,367.0,605.0,,,,
2021-01-06,94700.0,5973206.0,,,3219.0,805.0,149.0,386.6,20.6,2047.0,161.0,367.0,605.0,,,,
2021-01-05,94500.0,5963490.0,,,3214.0,805.0,149.0,386.3,20.6,2034.0,161.0,367.0,605.0,,,,
2021-01-04,94400.0,5953805.0,,,3208.0,805.0,149.0,385.6,20.6,2025.0,161.0,366.0,603.0,,,,
2021-01-03,94200.0,5943244.0,,,3198.0,804.0,149.0,385.6,20.6,1995.0,161.0,360.0,602.0,,,,
2021-01-02,94000.0,5933931.0,,,3192.0,804.0,149.0,385.5,20.6,1980.0,161.0,360.0,600.0,,,,
2021-01-01,93700.0,5924609.0,,,3192.0,805.0,149.0,385.45,20.6,1967.0,161.0,360.0,599.0,,,,
2020-12-31,93600.0,5922057.0,,,3189.0,805.0,149.0,385.45,20.6,1962.0,169.0,359.0,598.0,,,,
2020-12-30,93300.0,5907018.0,,,3182.0,805.0,149.0,385.55,20.6,1955.0,169.0,358.0,598.0,,,,
2020-12-29,93200.0,5897174.0,,,3178.0,805.0,149.0,385.5,20.6,1945.0,169.0,358.0,598.0,,,,
2020-12-28,92900.0,5886107.0,,,3171.0,806.0,149.0,385.5,20.6,1940.0,169.0,358.0,599.0,,,,
2020-12-27,92700.0,5876536.0,,,3175.0,806.0,149.0,385.5,20.6,1930.0,168.0,357.0,598.0,,,,
2020-12-26,92500.0,5866958.0,,,3169.0,806.0,149.0,385.5,20.6,1919.0,168.0,357.0,598.0,,,,
2020-12-25,92400.0,5857665.0,,,3168.0,806.0,149.0,385.45,20.6,1914.0,168.0,357.0,598.0,,,,
2020-12-24,92300.0,5852061.0,,,3166.0,806.0,149.0,385.25,20.6,1905.0,168.0,357.0,597.0,,,,
2020-12-23,92100.0,5846194.0,,,3158.0,805.0,149.0,385.2,20.6,1884.0,167.0,357.0,596.0,,,,
2020-12-22,91800.0,5835750.0,,,3154.0,804.0,149.0,385.15,20.6,1872.0,167.0,354.0,596.0,,,,
2020-12-21,91600.0,5821050.0,,,3154.0,802.0,149.0,383.95,20.6,1869.0,166.0,350.0,596.0,,,,
2020-12-20,91500.0,5818653.0,,,3150.0,802.0,149.0,383.95,20.6,1865.0,166.0,350.0,596.0,,,,
2020-12-19,91200.0,5803170.0,,,3146.0,800.0,149.0,383.9,20.6,1856.0,166.0,349.0,596.0,,,,
2020-12-18,91100.0,5797808.0,,,3146.0,800.0,149.0,383.85,20.6,1849.0,166.0,349.0,596.0,,,,
2020-12-17,90700.0,5786179.0,,,3144.0,800.0,149.0,383.8,20.6,1843.0,166.0,349.0,596.0,,,,
2020-12-16,90000.0,5776661.0,,,3139.0,800.0,149.0,383.95,20.6,1829.0,165.0,349.0,595.0,,,,
2020-12-15,89800.0,5766408.0,,,3130.0,800.0,149.0,383.75,20.6,1821.0,165.0,349.0,595.0,,,,
2020-12-14,89600.0,5756592.0,,,3130.0,800.0,149.0,383.75,20.6,1808.0,165.0,349.0,595.0,,,,
2020-12-13,89400.0,5746612.0,,,3129.0,800.0,149.0,383.7,20.6,1799.0,165.0,349.0,595.0,,,,
2020-12-12,89300.0,5737751.0,,,3122.0,799.0,149.0,383.65,20.6,1790.0,165.0,348.0,594.0,,,,
2020-12-11,89200.0,5731804.0,,,3119.0,800.0,149.0,383.6,20.6,1786.0,165.0,348.0,594.0,,,,
2020-12-10,89000.0,5719093.0,,,3111.0,800.0,149.0,383.6,20.6,1781.0,165.0,347.0,593.0,,,,
2020-12-09,88900.0,5712411.0,,,3105.0,800.0,149.0,383.55,20.6,1768.0,165.0,346.0,592.0,,,,
2020-12-08,88700.0,5704338.0,,,3101.0,801.0,149.0,383.55,20.6,1757.0,165.0,346.0,591.0,,,,
2020-12-07,88400.0,5685522.0,,,3095.0,802.0,149.0,383.45,20.6,1742.0,165.0,345.0,591.0,,,,
2020-12-06,88200.0,5674886.0,,,3091.0,801.0,149.0,383.45,20.6,1731.0,165.0,344.0,591.0,,,,
2020-12-05,88000.0,5664934.0,,,3084.0,799.0,149.0,383.5,20.6,1725.0,165.0,344.0,591.0,,,,
2020-12-04,87900.0,5659916.0,,,3079.0,799.0,149.0,383.55,20.6,1711.0,165.0,344.0,591.0,,,,
2020-12-03,87700.0,5648476.0,,,3074.0,799.0,149.0,383.6,20.6,1704.0,165.0,344.0,591.0,,,,
2020-12-02,87500.0,5637612.0,,,3074.0,799.0,149.0,383.7,20.6,1687.0,165.0,344.0,590.0,,,,
2020-12-01,87300.0,5625521.0,,,3064.0,798.0,149.0,383.85,20.6,1678.0,165.0,343.0,589.0,,,,
2020-11-30,87100.0,5612400.0,,,3058.0,798.0,149.0,384.15,20.6,1668.0,165.0,343.0,588.0,,,,
2020-11-29,86600.0,5588876.0,,,3055.0,798.0,149.0,385.1,20.8,1650.0,165.0,343.0,588.0,,,,
2020-11-28,86400.0,5577774.0,,,3046.0,798.0,149.0,385.0,20.9,1636.0,165.0,341.0,587.0,,,,
2020-11-26,86000.0,5555646.0,,,3026.0,798.0,149.0,384.35,20.9,1614.0,164.0,333.0,583.0,,,,
2020-11-25,85900.0,5547890.0,,,3017.0,797.0,149.0,384.3,20.9,1597.0,164.0,333.0,583.0,,,,
2020-11-23,85400.0,5522572.0,,,3000.0,797.0,149.0,383.8,20.9,1577.0,164.0,333.0,583.0,,,,
2020-11-22,85100.0,5509308.0,,,2999.0,797.0,149.0,383.3,20.9,1567.0,164.0,333.0,582.0,,,,
2020-11-21,84800.0,5490188.0,,,2992.0,797.0,149.0,383.25,20.9,1558.0,164.0,333.0,582.0,,,,
2020-11-19,84600.0,5478265.0,,,2975.0,797.0,149.0,382.65,20.9,1547.0,164.0,333.0,581.0,,,,
2020-11-18,84300.0,5464769.0,,,2974.0,797.0,149.0,382.55,20.9,1541.0,164.0,332.0,580.0,,,,
2020-11-17,84100.0,5447369.0,,,2970.0,797.0,149.0,382.55,20.9,1531.0,164.0,332.0,580.0,,,,
2020-11-16,83800.0,5434522.0,,,2967.0,796.0,149.0,382.5,20.9,1521.0,164.0,332.0,579.0,,,,
2020-11-15,83600.0,5420227.0,,,2960.0,796.0,149.0,382.5,20.9,1518.0,164.0,332.0,578.0,,,,
2020-11-14,83400.0,5413092.0,,,2953.0,796.0,149.0,382.4,20.9,1511.0,164.0,332.0,578.0,,,,
2020-11-13,83100.0,5396477.0,,,2951.0,797.0,149.0,382.25,20.9,1504.0,164.0,332.0,576.0,,,,
2020-11-12,82900.0,5383798.0,,,2949.0,797.0,149.0,381.05,20.9,1493.0,164.0,332.0,576.0,,,,
2020-11-11,82700.0,5370327.0,,,2942.0,797.0,149.0,380.95,20.9,1484.0,164.0,331.0,575.0,,,,
2020-11-10,82400.0,5358592.0,,,2942.0,797.0,149.0,380.95,20.9,1471.0,164.0,328.0,574.0,,,,
2020-11-09,82400.0,5346260.0,,,2939.0,797.0,149.0,380.85,20.9,1469.0,164.0,328.0,573.0,,,,
2020-11-08,82300.0,5336551.0,,,2925.0,796.0,149.0,380.75,20.9,1464.0,164.0,328.0,573.0,,,,
2020-11-07,82200.0,5327053.0,,,2913.0,796.0,149.0,380.7,20.9,1459.0,164.0,328.0,573.0,,,,
2020-11-06,82000.0,5318191.0,,,2907.0,796.0,149.0,380.7,20.9,1456.0,164.0,328.0,573.0,,,,
2020-11-05,81800.0,5308254.0,,,2902.0,796.0,149.0,380.65,20.9,1447.0,164.0,328.0,573.0,,,,
2020-11-04,81600.0,5300610.0,,,2891.0,796.0,149.0,380.6,20.9,1442.0,165.0,328.0,572.0,,,,
2020-11-03,80800.0,5284635.0,,,2885.0,795.0,149.0,380.5,20.9,1432.0,165.0,328.0,572.0,,,,
2020-11-02,80600.0,5273450.0,,,2887.0,795.0,149.0,380.35,20.9,1428.0,165.0,326.0,568.0,,,,
2020-11-01,80400.0,5261781.0,,,2880.0,795.0,149.0,380.3,20.9,1420.0,165.0,323.0,566.0,,,,
2020-10-31,80300.0,5257640.0,,,2874.0,795.0,149.0,380.25,20.9,1415.0,164.0,322.0,565.0,,,,
2020-10-30,80000.0,5242395.0,,,2875.0,795.0,149.0,380.25,20.9,1418.0,164.0,321.0,564.0,,,,
2020-10-29,79800.0,5230350.0,,,2877.0,798.0,149.0,380.05,20.9,1416.0,164.0,321.0,564.0,,,,
2020-10-28,79600.0,5219256.0,,,2872.0,797.0,149.0,380.05,20.9,1414.0,164.0,321.0,564.0,,,,
2020-10-27,79400.0,5207233.0,,,2867.0,797.0,149.0,380.0,20.9,1415.0,164.0,319.0,563.0,,,,
2020-10-26,79200.0,5195561.0,,,2861.0,797.0,149.0,380.0,20.9,1407.0,163.0,318.0,563.0,,,,
2020-10-25,79000.0,5185761.0,,,2851.0,797.0,149.0,379.8,20.9,1401.0,163.0,318.0,563.0,,,,
2020-10-24,78800.0,5172729.0,,,2848.0,797.0,149.0,379.45,20.9,1397.0,163.0,317.0,563.0,,,,
2020-10-23,78600.0,5163775.0,,,2848.0,797.0,149.0,379.35,20.9,1395.0,162.0,317.0,563.0,,,,
2020-10-22,78400.0,5153175.0,,,2845.0,796.0,149.0,379.3,20.9,1389.0,162.0,317.0,563.0,,,,
2020-10-21,78200.0,5141565.0,,,2836.0,795.0,149.0,379.3,20.9,1388.0,162.0,316.0,558.0,,,,
2020-10-20,78000.0,5129869.0,,,2830.0,796.0,149.0,379.25,20.9,1388.0,162.0,315.0,557.0,,,,
2020-10-19,77800.0,5120138.0,,,2832.0,797.0,149.0,379.2,20.9,1386.0,162.0,315.0,557.0,,,,
2020-10-18,77600.0,5114586.0,,,2831.0,798.0,149.0,379.2,20.9,1383.0,162.0,315.0,557.0,,,,
2020-10-17,77400.0,5100179.0,,,2825.0,798.0,149.0,379.2,20.9,1382.0,162.0,315.0,557.0,,,,
2020-10-16,77200.0,5092484.0,,,2818.0,798.0,149.0,379.15,20.9,1378.0,162.0,315.0,559.0,,,,
2020-10-15,77000.0,5082297.0,,,2813.0,798.0,149.0,379.15,20.9,1374.0,162.0,315.0,559.0,,,,
2020-10-14,76500.0,5058744.0,,,2807.0,798.0,149.0,379.1,20.9,1371.0,162.0,315.0,559.0,,,,
2020-10-13,76300.0,5051801.0,,,2804.0,798.0,149.0,379.1,20.9,1369.0,162.0,315.0,559.0,,,,
2020-10-12,76200.0,5047315.0,,,2802.0,798.0,149.0,379.1,20.9,1363.0,162.0,315.0,559.0,,,,
2020-10-11,76000.0,5037481.0,,,2796.0,798.0,149.0,378.75,20.9,1360.0,162.0,314.0,558.0,,,,
2020-10-10,75700.0,5023531.0,,,2789.0,798.0,149.0,378.55,20.9,1356.0,163.0,314.0,558.0,,,,
2020-10-09,75500.0,5013759.0,,,2790.0,798.0,149.0,378.55,20.9,1352.0,163.0,313.0,556.0,,,,
2020-10-08,75300.0,5005464.0,,,2783.0,797.0,149.0,378.55,20.9,1348.0,163.0,310.0,555.0,,,,
2020-10-07,75100.0,4992541.0,,,2778.0,798.0,149.0,377.85,20.9,1347.0,164.0,308.0,554.0,,,,
2020-10-06,75000.0,4987630.0,,,2773.0,799.0,149.0,377.75,20.9,1342.0,162.0,308.0,554.0,,,,
2020-10-05,74700.0,4970281.0,,,2774.0,799.0,149.0,377.7,20.9,1338.0,162.0,306.0,554.0,,,,
2020-10-04,74500.0,4955774.0,,,2767.0,799.0,149.0,377.7,20.9,1335.0,162.0,306.0,554.0,,,,
2020-10-03,74300.0,4949163.0,,,2761.0,799.0,149.0,377.5,20.9,1331.0,162.0,306.0,554.0,,,,
2020-10-02,74100.0,4941581.0,,,2758.0,798.0,149.0,377.5,20.9,1327.0,162.0,305.0,555.0,,,,
2020-10-01,74000.0,4932773.0,,,2753.0,798.0,149.0,377.1,20.9,1321.0,162.0,297.0,548.0,,,,
2020-09-30,73800.0,4920142.0,,,2745.0,796.0,149.0,377.0,20.8,1314.0,161.0,295.0,548.0,,,,
2020-09-29,73700.0,4912911.0,,,2742.0,796.0,149.0,376.7,20.8,1313.0,161.0,295.0,547.0,,,,
2020-09-28,73600.0,4908814.0,,,2741.0,797.0,149.0,376.7,20.8,1315.0,161.0,295.0,546.0,,,,
2020-09-27,73400.0,4895199.0,,,2736.0,797.0,149.0,376.7,20.8,1312.0,161.0,295.0,546.0,,,,
2020-09-26,73200.0,4886732.0,,,2734.0,797.0,149.0,376.7,20.8,1312.0,161.0,295.0,546.0,,,,
2020-09-25,73100.0,4878534.0,,,2734.0,797.0,149.0,376.7,20.8,1307.0,161.0,295.0,546.0,,,,
2020-09-24,72900.0,4869974.0,,,2729.0,797.0,149.0,376.65,20.8,1302.0,161.0,293.0,546.0,,,,
2020-09-23,72800.0,4859998.0,,,2730.0,797.0,149.0,377.4,20.8,1298.0,161.0,292.0,545.0,,,,
2020-09-22,72600.0,4849474.0,,,2719.0,796.0,149.0,377.4,20.8,1289.0,161.0,292.0,545.0,,,,
2020-09-21,72500.0,4842055.0,,,2715.0,798.0,149.0,377.4,20.8,1281.0,161.0,292.0,545.0,,,,
2020-09-20,72200.0,4830893.0,,,2711.0,806.0,149.0,377.1,20.8,1276.0,161.0,292.0,545.0,,,,
2020-09-19,72100.0,4823081.0,,,2707.0,806.0,149.0,377.1,20.8,1276.0,161.0,292.0,545.0,,,,
2020-09-18,72000.0,4815447.0,,,2704.0,806.0,149.0,377.0,20.8,1273.0,161.0,292.0,545.0,,,,
2020-09-17,71800.0,4808985.0,,,2702.0,806.0,149.0,377.0,20.8,1270.0,161.0,292.0,545.0,,,,
2020-09-16,71700.0,4798371.0,,,2701.0,806.0,149.0,377.0,20.8,1265.0,159.0,292.0,545.0,,,,
2020-09-15,71500.0,4788211.0,,,2699.0,807.0,149.0,376.85,20.8,1261.0,159.0,292.0,545.0,,,,
2020-09-14,71300.0,4780314.0,,,2693.0,808.0,149.0,376.8,20.8,1258.0,157.0,292.0,545.0,,,,
2020-09-13,71100.0,4768414.0,,,2692.0,808.0,149.0,376.8,20.8,1252.0,157.0,292.0,544.0,,,,
2020-09-12,70900.0,4759759.0,,,2687.0,809.0,149.0,376.75,20.8,1247.0,157.0,291.0,543.0,,,,
2020-09-11,70800.0,4751398.0,,,2686.0,809.0,149.0,376.7,20.8,1244.0,157.0,291.0,542.0,,,,
2020-09-10,70600.0,4743511.0,,,2684.0,808.0,149.0,376.6,20.8,,,,,,,,
2020-09-09,70400.0,4733808.0,,,2678.0,807.0,149.0,376.45,20.8,1235.0,157.0,291.0,539.0,,,,
2020-09-08,70200.0,4722423.0,,,2669.0,807.0,149.0,376.45,20.8,1229.0,157.0,291.0,540.0,,,,
2020-09-07,70000.0,4712884.0,,,2664.0,806.0,149.0,376.05,20.8,1231.0,168.0,291.0,540.0,,,,
2020-09-06,69900.0,4708724.0,,,2657.0,806.0,149.0,375.9,20.8,1228.0,168.0,291.0,541.0,,,,
2020-09-05,69600.0,4696719.0,,,2652.0,807.0,149.0,375.05,20.8,1220.0,166.0,290.0,538.0,,,,
2020-09-04,69500.0,4689159.0,,,2648.0,808.0,149.0,374.0,20.45,1218.0,166.0,290.0,538.0,,,,
2020-09-03,69300.0,4680051.0,,,2644.0,807.0,149.0,373.4,20.35,1215.0,166.0,290.0,538.0,,,,
2020-09-02,69100.0,4670104.0,,,2641.0,807.0,149.0,373.15,20.2,1213.0,166.0,290.0,538.0,,,,
2020-09-01,68900.0,4660826.0,,,2630.0,807.0,149.0,372.5,20.15,1209.0,165.0,290.0,538.0,,,,
2020-08-31,68800.0,4651956.0,,,2626.0,812.0,149.0,372.5,20.15,1203.0,165.0,289.0,535.0,,,,
2020-08-30,68600.0,4643145.0,,,2625.0,812.0,149.0,372.45,20.15,1199.0,164.0,289.0,535.0,,,,
2020-08-29,68500.0,4635646.0,,,2623.0,812.0,149.0,372.45,20.15,1197.0,164.0,273.0,532.0,,,,
2020-08-28,68400.0,4627426.0,,,2615.0,812.0,149.0,371.8,20.1,1194.0,164.0,273.0,529.0,,,,
2020-08-27,68200.0,4619042.0,,,2611.0,811.0,149.0,371.8,20.1,1188.0,164.0,274.0,530.0,,,,
2020-08-26,68100.0,4610900.0,,,2609.0,823.0,149.0,371.8,20.1,1184.0,164.0,274.0,530.0,,,,
2020-08-25,67900.0,4602781.0,,,2604.0,823.0,149.0,371.75,20.1,1182.0,164.0,274.0,529.0,,,,
2020-08-24,67800.0,4593199.0,,,2602.0,823.0,149.0,371.7,20.1,1181.0,164.0,272.0,528.0,,,,
2020-08-23,67700.0,4587493.0,,,2596.0,823.0,149.0,371.7,20.1,1181.0,163.0,270.0,526.0,,,,
2020-08-22,67500.0,4576263.0,,,2589.0,822.0,149.0,371.55,20.1,1175.0,163.0,269.0,526.0,,,,
2020-08-21,67300.0,4567781.0,,,2589.0,822.0,149.0,371.55,20.1,1174.0,163.0,269.0,526.0,,,,
2020-08-20,67200.0,4563894.0,,,2589.0,822.0,149.0,371.3,20.05,1175.0,163.0,269.0,526.0,,,,
2020-08-19,67000.0,4551776.0,,,2581.0,822.0,149.0,371.1,19.95,1173.0,163.0,269.0,525.0,,,,
2020-08-18,66700.0,4538910.0,,,2572.0,822.0,149.0,371.0,20.0,1166.0,163.0,265.0,523.0,,,,
2020-08-17,66500.0,4530103.0,,,2569.0,822.0,149.0,342.68,17.48,1162.0,163.0,263.0,521.0,,,,
2020-08-16,66300.0,4520708.0,,,2567.0,822.0,149.0,342.6,17.48,1157.0,163.0,263.0,521.0,,,,
2020-08-15,66100.0,4512027.0,,,2563.0,822.0,149.0,342.48,17.48,1157.0,163.0,263.0,521.0,,,,
2020-08-14,65900.0,4503026.0,,,2560.0,822.0,149.0,342.48,17.48,1152.0,163.0,263.0,520.0,,,,
2020-08-13,65800.0,4493037.0,,,2555.0,822.0,149.0,342.44,17.48,1150.0,163.0,262.0,519.0,,,,
2020-08-12,65600.0,4485027.0,,,2545.0,822.0,149.0,342.24,17.48,1146.0,163.0,261.0,518.0,,,,
2020-08-11,65400.0,4478597.0,,,2540.0,822.0,149.0,342.2,17.44,1144.0,163.0,261.0,518.0,,,,
2020-08-09,65100.0,4459799.0,,,2524.0,820.0,149.0,342.0,17.4,1137.0,163.0,261.0,517.0,,,,
2020-08-08,64900.0,4448709.0,,,2514.0,821.0,149.0,341.92,17.4,1134.0,163.0,261.0,517.0,,,,
2020-08-07,64600.0,4436322.0,,,2514.0,821.0,149.0,341.92,17.4,1132.0,163.0,261.0,517.0,,,,
2020-08-05,64300.0,4419500.0,,,2506.0,820.0,149.0,341.92,17.4,1127.0,162.0,260.0,516.0,,,,
2020-08-04,64100.0,4409791.0,,,2500.0,820.0,149.0,341.84,17.4,1122.0,162.0,260.0,516.0,,,,
2020-08-03,63800.0,4395476.0,,,2498.0,820.0,149.0,341.72,17.4,1120.0,162.0,259.0,516.0,,,,
2020-08-01,63500.0,4384516.0,,,2483.0,820.0,149.0,341.28,17.4,1112.0,162.0,259.0,516.0,,,,
2020-07-31,63200.0,4371136.0,,,2477.0,819.0,149.0,341.2,17.4,1110.0,162.0,252.0,515.0,,,,
2020-07-30,63000.0,4358343.0,,,2470.0,818.0,149.0,341.2,17.4,1106.0,159.0,252.0,511.0,,,,
2020-07-28,62800.0,4344679.0,,,2454.0,820.0,149.0,340.96,17.4,1096.0,159.0,250.0,511.0,,,,
2020-07-27,62600.0,4333758.0,,,2454.0,820.0,149.0,341.04,17.4,1090.0,159.0,250.0,511.0,,,,
2020-07-26,62500.0,4328039.0,,,2451.0,820.0,149.0,341.08,17.4,1086.0,159.0,250.0,510.0,,,,
2020-07-25,62200.0,4315800.0,,,2446.0,821.0,149.0,341.04,17.4,1084.0,159.0,250.0,510.0,,,,
2020-07-24,62100.0,4306840.0,,,2440.0,820.0,149.0,340.72,17.4,1081.0,159.0,250.0,511.0,,,,
2020-07-23,61900.0,4298246.0,,,2438.0,820.0,149.0,340.72,17.4,1079.0,159.0,250.0,511.0,,,,
2020-07-22,61800.0,4289335.0,,,2441.0,820.0,149.0,340.68,17.4,1072.0,159.0,250.0,510.0,,,,
2020-07-21,61700.0,4285689.0,,,2430.0,820.0,149.0,340.44,17.36,1067.0,159.0,250.0,509.0,,,,
2020-07-20,61500.0,4271121.0,,,2428.0,820.0,149.0,340.36,17.36,1059.0,159.0,250.0,508.0,,,,
2020-07-19,61300.0,4265639.0,,,2423.0,820.0,149.0,340.4,17.36,1052.0,159.0,250.0,508.0,,,,
2020-07-18,61000.0,4250899.0,,,2414.0,821.0,149.0,340.24,17.36,1049.0,159.0,245.0,505.0,,,,
2020-07-17,60900.0,4241411.0,,,2416.0,821.0,149.0,340.2,17.36,1041.0,159.0,245.0,505.0,,,,
2020-07-16,60700.0,4231933.0,,,2408.0,821.0,149.0,340.08,17.36,1037.0,159.0,233.0,494.0,,,,
2020-07-15,60500.0,4222392.0,,,2402.0,821.0,149.0,339.4,17.16,1033.0,159.0,231.0,490.0,,,,
2020-07-14,60400.0,4217887.0,,,2393.0,820.0,149.0,339.2,17.16,1027.0,159.0,230.0,486.0,,,,
2020-07-13,60200.0,4207789.0,,,2385.0,819.0,149.0,339.2,17.16,1021.0,159.0,229.0,485.0,,,,
2020-07-12,60000.0,4194424.0,,,2376.0,819.0,149.0,339.12,17.16,1011.0,159.0,223.0,481.0,,,,
2020-07-11,59700.0,4180819.0,,,2368.0,818.0,149.0,338.12,17.16,1007.0,159.0,219.0,478.0,,,,
2020-07-10,59500.0,4172547.0,,,2362.0,820.0,149.0,338.08,17.16,1005.0,159.0,219.0,466.0,,,,
2020-07-09,59300.0,4163187.0,,,2363.0,821.0,149.0,337.84,17.16,1000.0,159.0,218.0,466.0,,,,
2020-07-08,59200.0,4154263.0,,,2358.0,822.0,149.0,337.96,17.16,996.0,159.0,218.0,466.0,,,,
2020-07-07,59100.0,4149197.0,,,2355.0,823.0,149.0,337.92,17.16,989.0,159.0,218.0,465.0,,,,
2020-07-06,58800.0,4135416.0,,,2355.0,824.0,149.0,337.84,17.16,986.0,159.0,218.0,463.0,,,,
2020-07-05,58700.0,4127874.0,,,2346.0,823.0,149.0,337.72,17.16,981.0,159.0,218.0,463.0,,,,
2020-07-04,58500.0,4120255.0,,,2344.0,821.0,149.0,337.24,17.16,978.0,159.0,217.0,462.0,,,,
2020-07-03,58400.0,4112822.0,,,2336.0,820.0,149.0,336.92,17.16,976.0,159.0,217.0,462.0,,,,
2020-07-02,58200.0,4102112.0,,,2330.0,819.0,149.0,336.84,17.16,977.0,159.0,216.0,460.0,,,,
2020-07-01,58100.0,4096624.0,,,2327.0,819.0,149.0,336.84,17.16,973.0,159.0,216.0,460.0,,,,
2020-06-30,57900.0,4086633.0,,,2324.0,819.0,149.0,336.72,17.16,974.0,159.0,216.0,460.0,,,,
2020-06-29,57700.0,4073918.0,,,2317.0,819.0,149.0,336.52,17.16,970.0,159.0,216.0,460.0,,,,
2020-06-28,57500.0,4063645.0,,,2313.0,818.0,149.0,336.56,17.16,965.0,159.0,214.0,460.0,,,,
2020-06-27,57300.0,4053706.0,,,2306.0,818.0,149.0,335.88,17.16,965.0,159.0,214.0,460.0,,,,
2020-06-25,57100.0,4038531.0,,,2295.0,820.0,148.0,320.52,15.28,955.0,159.0,214.0,460.0,,,,
2020-06-24,56900.0,4030140.0,,,2284.0,820.0,148.0,320.36,15.24,952.0,159.0,214.0,459.0,,,,
2020-06-23,56600.0,4022472.0,,,2273.0,820.0,148.0,320.2,15.16,950.0,159.0,214.0,456.0,,,,
2020-06-22,56500.0,4011995.0,,,2268.0,820.0,148.0,320.08,15.16,944.0,159.0,214.0,456.0,,,,
2020-06-21,56200.0,3997760.0,,,2262.0,820.0,148.0,320.08,15.16,935.0,159.0,214.0,454.0,,,,
2020-06-20,56100.0,3988757.0,,,2256.0,820.0,148.0,320.04,15.16,931.0,159.0,214.0,454.0,,,,
2020-06-19,55900.0,3978040.0,,,2252.0,820.0,148.0,319.76,15.16,926.0,159.0,214.0,454.0,,,,
2020-06-18,55700.0,3968695.0,,,2250.0,821.0,148.0,320.04,15.16,924.0,159.0,213.0,451.0,,,,
2020-06-17,55500.0,3960560.0,,,2244.0,821.0,148.0,319.96,15.16,922.0,159.0,211.0,450.0,,,,
2020-06-16,55400.0,3953803.0,,,2236.0,821.0,148.0,319.92,15.16,913.0,159.0,211.0,450.0,,,,
2020-06-15,55100.0,3938915.0,,,2232.0,821.0,148.0,319.92,15.12,911.0,159.0,211.0,450.0,,,,
2020-06-14,54800.0,3927782.0,,,2225.0,821.0,148.0,319.88,15.12,910.0,159.0,210.0,449.0,,,,
2020-06-12,54400.0,3904910.0,,,2211.0,821.0,148.0,319.08,15.12,906.0,159.0,210.0,449.0,,,,
2020-06-10,54000.0,3887137.0,,,2203.0,820.0,148.0,319.08,15.16,898.0,159.0,210.0,447.0,,,,
2020-06-09,53700.0,3874597.0,,,2196.0,820.0,148.0,319.0,15.16,898.0,159.0,209.0,447.0,,,,
2020-06-08,53500.0,3859719.0,,,2191.0,821.0,148.0,318.96,15.16,895.0,159.0,208.0,445.0,,,,
2020-06-07,53200.0,3846546.0,,,2186.0,820.0,148.0,318.0,15.16,895.0,159.0,208.0,445.0,,,,
2020-06-06,53000.0,3836980.0,,,2183.0,820.0,148.0,317.92,15.16,893.0,159.0,208.0,444.0,,,,
2020-06-05,52800.0,3826705.0,,,2176.0,820.0,148.0,317.68,15.16,891.0,159.0,208.0,444.0,,,,
2020-06-04,52600.0,3815834.0,,,,,,,,,,,,,,,
2020-06-03,52400.0,3805658.0,,,,,,,,,,,,,,,
2020-06-02,52300.0,3798072.0,,,2170.0,822.0,148.0,317.6,15.16,,,,,,,,
2020-06-01,52000.0,3783044.0,,,2156.0,822.0,148.0,317.48,15.08,878.0,158.0,207.0,443.0,,,,
2020-05-31,51700.0,3772710.0,,,2144.0,822.0,148.0,317.12,15.0,878.0,158.0,207.0,443.0,,,,
2020-05-30,51600.0,3763247.0,,,2144.0,822.0,148.0,316.44,15.0,877.0,158.0,206.0,441.0,,,,
2020-05-29,51400.0,3753569.0,,,2138.0,824.0,148.0,315.44,14.96,872.0,158.0,206.0,440.0,,,,
2020-05-28,51200.0,3741973.0,,,2130.0,824.0,147.0,307.84,13.64,869.0,158.0,206.0,437.0,,,,
2020-05-27,51000.0,3730952.0,,,2124.0,824.0,147.0,307.8,13.6,871.0,158.0,205.0,434.0,,,,
2020-05-26,50700.0,3719088.0,,,2114.0,824.0,147.0,307.76,13.56,870.0,158.0,205.0,433.0,,,,
2020-05-25,50500.0,3704435.0,,,2101.0,824.0,147.0,307.44,13.56,867.0,158.0,204.0,433.0,,,,
2020-05-24,50300.0,3698172.0,,,2095.0,824.0,147.0,307.44,13.56,859.0,158.0,204.0,432.0,,,,
2020-05-23,49900.0,3680358.0,,,2073.0,824.0,147.0,307.36,13.56,859.0,158.0,204.0,432.0,,,,
2020-05-22,49700.0,3674182.0,,,2071.0,824.0,147.0,306.92,13.56,852.0,158.0,204.0,431.0,,,,
2020-05-21,49400.0,3657669.0,,,2061.0,824.0,147.0,306.84,13.56,843.0,158.0,204.0,430.0,,,,
2020-05-20,49100.0,3648233.0,,,2059.0,823.0,147.0,306.72,13.56,839.0,158.0,204.0,430.0,,,,
2020-05-19,48900.0,3637641.0,,,2052.0,823.0,147.0,306.68,13.56,836.0,158.0,204.0,429.0,,,,
2020-05-18,48400.0,3624472.0,,,2045.0,824.0,147.0,305.88,13.56,832.0,158.0,204.0,429.0,,,,
2020-05-17,48200.0,3613636.0,,,2037.0,824.0,147.0,305.88,13.56,822.0,159.0,204.0,428.0,,,,
2020-05-16,48000.0,3604765.0,,,2032.0,824.0,147.0,305.76,13.56,820.0,159.0,203.0,427.0,,,,
2020-05-15,47800.0,3594227.0,,,2024.0,824.0,147.0,305.68,13.52,816.0,159.0,203.0,426.0,,,,
2020-05-14,47600.0,3583343.0,,,2023.0,824.0,147.0,305.68,13.52,807.0,157.0,198.0,420.0,,,,
2020-05-13,47400.0,3571580.0,,,2014.0,824.0,147.0,305.6,13.52,,,,,,,,
2020-05-12,47200.0,3557550.0,,,2010.0,825.0,147.0,305.64,13.52,798.0,157.0,196.0,419.0,,,,
2020-05-11,46900.0,3541387.0,,,2001.0,825.0,147.0,305.64,13.52,794.0,156.0,196.0,418.0,,,,
2020-05-10,46700.0,3530639.0,,,1996.0,825.0,147.0,305.04,13.4,,,,,,,,
2020-05-09,46500.0,3520530.0,,,1985.0,825.0,147.0,304.56,13.36,,,,,,,,
2020-05-08,46200.0,3506578.0,,,1981.0,825.0,147.0,304.56,13.36,770.0,156.0,194.0,416.0,,,,
2020-05-07,46100.0,3500051.0,,,1973.0,825.0,147.0,304.08,13.32,760.0,156.0,194.0,414.0,,,,
2020-05-06,45700.0,3484293.0,,,1972.0,825.0,147.0,303.12,13.2,753.0,156.0,194.0,414.0,,,,
2020-05-05,45600.0,3472113.0,,,1963.0,825.0,147.0,303.16,13.2,749.0,156.0,194.0,412.0,,,,
2020-05-04,45300.0,3459939.0,,,1956.0,825.0,147.0,302.96,13.2,740.0,155.0,194.0,411.0,,,,
2020-05-03,45200.0,3453357.0,,,1948.0,825.0,147.0,302.84,13.2,733.0,155.0,194.0,411.0,,,,
2020-05-01,44700.0,3428412.0,,,1935.0,824.0,147.0,302.76,13.2,723.0,152.0,191.0,409.0,,,,
2020-04-30,44300.0,3410881.0,,,1930.0,824.0,147.0,302.68,13.2,721.0,152.0,191.0,408.0,,,,
2020-04-29,44100.0,3405287.0,,,1923.0,824.0,147.0,302.6,13.16,718.0,152.0,191.0,408.0,,,,
2020-04-28,43900.0,3394309.0,,,1913.0,824.0,147.0,302.48,13.16,714.0,152.0,190.0,406.0,,,,
2020-04-27,43700.0,3381474.0,,,1903.0,824.0,147.0,302.48,13.16,710.0,151.0,190.0,406.0,,,,
2020-04-26,43300.0,3362523.0,,,1897.0,824.0,147.0,302.28,13.16,704.0,148.0,189.0,404.0,,,,
2020-04-25,43100.0,3353463.0,,,1892.0,825.0,147.0,302.24,13.16,698.0,148.0,189.0,404.0,,,,
2020-04-24,42900.0,3340132.0,,,1889.0,824.0,147.0,302.16,13.16,695.0,148.0,189.0,404.0,,,,
2020-04-23,42600.0,3324522.0,,,1878.0,824.0,147.0,302.2,13.16,,,,,,,,
2020-04-22,42500.0,3319892.0,,,1872.0,824.0,147.0,302.2,13.16,,,,,,,,
2020-04-21,42300.0,3304631.0,,,1865.0,824.0,147.0,302.2,13.16,,,,,,,,
2020-04-20,42000.0,3290973.0,,,1863.0,824.0,147.0,302.12,13.16,,,,,,,,
2020-04-19,41800.0,3276086.0,,,1849.0,824.0,147.0,302.04,13.12,,,,,,,,
2020-04-18,41600.0,3264560.0,,,1838.0,824.0,147.0,301.4,13.12,,,,,,,,
2020-04-17,41300.0,3252348.0,,,1829.0,824.0,147.0,301.2,13.12,,,,,,,,
2020-04-16,41100.0,3240718.0,,,1815.0,826.0,147.0,299.28,13.0,,,,,,,,
2020-04-15,40800.0,3223322.0,,,1809.0,826.0,146.0,295.04,11.96,,,,,,,,
2020-04-14,40600.0,3210565.0,,,1804.0,827.0,146.0,294.88,11.96,,,,,,,,
2020-04-13,40400.0,3201658.0,,,1793.0,827.0,146.0,294.36,11.96,,,,,,,,
2020-04-12,40200.0,3191101.0,,,1784.0,827.0,146.0,294.32,11.96,,,,,,,,
2020-04-11,40000.0,3178043.0,,,1775.0,826.0,146.0,294.16,11.96,,,,,,,,
2020-04-10,39700.0,3159132.0,,,1766.0,827.0,146.0,294.08,11.96,,,,,,,,
2020-04-09,39500.0,3148074.0,,,1760.0,827.0,146.0,294.0,11.96,,,,,,,,
2020-04-08,39300.0,3136328.0,,,1753.0,827.0,146.0,293.96,11.96,,,,,,,,
2020-04-07,39100.0,3121236.0,,,1738.0,827.0,146.0,293.96,11.96,,,,,,,,
2020-04-06,38900.0,3108779.0,,,1720.0,827.0,146.0,293.8,11.96,,,,,,,,
2020-04-05,38700.0,3097357.0,,,1709.0,828.0,146.0,292.76,11.96,,,,,,,,
2020-04-04,38500.0,3087795.0,,,1703.0,828.0,146.0,292.56,11.96,,,,,,,,
2020-04-03,38400.0,3077920.0,,,1699.0,828.0,146.0,292.56,11.96,,,,,,,,
2020-04-02,38200.0,3068360.0,,,1696.0,828.0,146.0,292.52,11.96,,,,,,,,
2020-04-01,38000.0,3057045.0,,,1688.0,827.0,146.0,292.16,11.96,,,,,,,,
2020-03-31,37800.0,3041574.0,,,1685.0,827.0,146.0,292.08,11.96,,,,,,,,
2020-03-30,37600.0,3028995.0,,,1683.0,827.0,146.0,292.04,11.92,,,,,,,,
2020-03-29,37400.0,3016650.0,,,1677.0,826.0,146.0,291.96,11.88,,,,,,,,
2020-03-28,37100.0,3004177.0,,,1671.0,825.0,146.0,291.88,11.88,,,,,,,,
2020-03-27,36900.0,2993014.0,,,1665.0,825.0,146.0,291.88,11.88,,,,,,,,
2020-03-26,36700.0,2984757.0,,,1654.0,824.0,146.0,291.8,11.88,,,,,,,,
2020-03-25,36600.0,2976681.0,,,1649.0,825.0,146.0,290.84,11.88,,,,,,,,
2020-03-24,36300.0,2960325.0,,,1639.0,825.0,146.0,290.48,11.88,,,,,,,,
2020-03-23,36100.0,2948722.0,,,1634.0,825.0,146.0,290.4,11.88,,,,,,,,
2020-03-22,35900.0,2937059.0,,,1622.0,825.0,146.0,290.44,11.84,,,,,,,,
2020-03-21,35700.0,2926114.0,,,1620.0,825.0,146.0,290.2,11.84,,,,,,,,
2020-03-20,35500.0,2919693.0,,,1619.0,825.0,146.0,289.08,11.84,,,,,,,,
2020-03-19,35400.0,2909421.0,,,1615.0,826.0,146.0,288.04,11.84,,,,,,,,
2020-03-18,35100.0,2895786.0,,,1596.0,826.0,146.0,266.04,11.08,,,,,,,,
2020-03-17,34900.0,2887252.0,,,1587.0,824.0,145.0,258.08,10.36,,,,,,,,
2020-03-16,34800.0,2879353.0,,,1583.0,824.0,145.0,257.92,10.36,,,,,,,,
2020-03-15,34600.0,2868745.0,,,1578.0,826.0,145.0,257.44,10.36,,,,,,,,
2020-03-14,34400.0,2862829.0,,,1575.0,826.0,145.0,257.44,10.36,,,,,,,,
2020-03-12,34200.0,2848826.0,,,1567.0,825.0,145.0,257.44,10.36,,,,,,,,
2020-03-11,34000.0,2840879.0,,,1562.0,824.0,145.0,257.44,10.36,,,,,,,,
2020-03-10,33900.0,2834185.0,,,1555.0,824.0,145.0,257.28,10.36,,,,,,,,
2020-03-09,33700.0,2823105.0,,,1550.0,824.0,145.0,257.0,10.36,,,,,,,,
2020-03-08,33600.0,2816182.0,,,1545.0,824.0,145.0,256.96,10.36,,,,,,,,
2020-03-07,33500.0,2811972.0,,,1543.0,824.0,145.0,256.96,10.36,,,,,,,,
2020-03-06,33300.0,2802964.0,,,1540.0,824.0,145.0,256.96,10.36,,,,,,,,
2020-03-05,33100.0,2790869.0,,,1540.0,824.0,145.0,256.96,10.36,,,,,,,,
2020-03-03,32900.0,2781136.0,,,1531.0,823.0,145.0,256.76,10.36,,,,,,,,
2020-03-02,32700.0,2770876.0,,,1529.0,825.0,145.0,256.72,10.36,,,,,,,,
2020-03-01,32500.0,2758637.0,,,1528.0,824.0,145.0,256.6,10.36,,,,,,,,
2020-02-28,32400.0,2748865.0,,,1515.0,822.0,145.0,256.4,10.32,,,,,,,,
2020-02-27,32300.0,2741106.0,,,1513.0,822.0,145.0,256.32,10.28,,,,,,,,
2020-02-26,32100.0,2734108.0,,,1506.0,822.0,145.0,256.16,10.28,,,,,,,,
2020-02-25,31900.0,2722127.0,,,1501.0,821.0,145.0,256.16,10.28,,,,,,,,
2020-02-24,31800.0,2713264.0,,,1496.0,820.0,145.0,255.88,10.28,,,,,,,,
2020-02-22,31600.0,2703878.0,,,1487.0,820.0,145.0,255.8,10.28,,,,,,,,
2020-02-21,31400.0,2694425.0,,,1485.0,820.0,145.0,255.76,10.28,,,,,,,,
2020-02-20,31300.0,2689742.0,,,,,,,,,,,,,,,
2020-02-19,31000.0,2675578.0,,,1480.0,819.0,145.0,255.72,10.28,,,,,,,,
2020-02-17,30800.0,2666132.0,,,1472.0,819.0,145.0,255.72,10.28,,,,,,,,
2020-02-16,30700.0,2656601.0,,,1467.0,819.0,145.0,255.56,10.28,,,,,,,,
2020-02-15,30400.0,2642709.0,,,1460.0,819.0,145.0,255.36,10.28,,,,,,,,
2020-02-14,30300.0,2637621.0,,,1458.0,819.0,145.0,255.36,10.28,,,,,,,,
2020-02-13,30300.0,2634750.0,,,1456.0,863.0,145.0,255.28,10.28,,,,,,,,
2020-02-12,30100.0,2623814.0,,,1452.0,868.0,145.0,255.24,10.28,,,,,,,,
2020-02-11,29900.0,2614622.0,,,,,,,,,,,,,,,
2020-02-10,29700.0,2610293.0,,,1446.0,870.0,145.0,255.16,10.28,,,,,,,,
2020-02-09,29500.0,2600184.0,,,1446.0,871.0,145.0,255.16,10.28,,,,,,,,
2020-02-08,29200.0,2587914.0,,,1438.0,871.0,145.0,255.12,10.28,,,,,,,,
2020-02-07,29000.0,2579455.0,,,1434.0,873.0,145.0,255.04,10.28,,,,,,,,
2020-02-05,28700.0,2570253.0,,,1431.0,871.0,145.0,249.52,9.88,,,,,,,,
2020-02-04,28500.0,2561453.0,,,1429.0,870.0,144.0,250.84,9.8,,,,,,,,
2020-02-03,28400.0,2552941.0,,,1423.0,871.0,144.0,250.84,9.8,,,,,,,,
2020-02-02,28200.0,2545096.0,,,1416.0,870.0,144.0,250.76,9.8,,,,,,,,
2020-02-01,28000.0,2536510.0,,,1411.0,870.0,144.0,250.72,9.8,,,,,,,,
2020-01-31,27800.0,2529079.0,,,1406.0,870.0,144.0,250.72,9.8,,,,,,,,
2020-01-30,27700.0,2522063.0,,,1404.0,870.0,144.0,250.76,9.8,,,,,,,,
2020-01-29,27600.0,2514712.0,,,1402.0,870.0,144.0,250.76,9.8,,,,,,,,
2020-01-28,27400.0,2507680.0,,,1403.0,870.0,144.0,250.76,9.8,,,,,,,,
2020-01-27,27200.0,2499109.0,,,1404.0,871.0,144.0,250.72,9.8,,,,,,,,
2020-01-26,27100.0,2491829.0,,,1404.0,870.0,144.0,250.72,9.8,,,,,,,,
2020-01-25,26900.0,2484534.0,,,1403.0,871.0,144.0,250.48,9.8,,,,,,,,
2020-01-24,26800.0,2478723.0,,,1399.0,870.0,144.0,250.44,9.8,,,,,,,,
2020-01-23,26600.0,2471962.0,,,1393.0,870.0,144.0,250.4,9.8,,,,,,,,
2020-01-22,26500.0,2465427.0,,,1391.0,870.0,144.0,250.44,9.8,,,,,,,,
2020-01-21,26300.0,2456465.0,,,1389.0,869.0,144.0,250.4,9.68,,,,,,,,
2020-01-20,26100.0,2448568.0,,,1389.0,869.0,144.0,250.32,9.64,,,,,,,,
2020-01-19,25900.0,2442559.0,,,1385.0,869.0,144.0,250.28,9.64,,,,,,,,
2020-01-18,25700.0,2434091.0,,,1383.0,868.0,144.0,250.28,9.64,,,,,,,,
2020-01-17,25500.0,2427375.0,,,1379.0,868.0,144.0,250.28,9.64,,,,,,,,
2020-01-16,25300.0,2420810.0,,,1378.0,869.0,144.0,250.28,9.64,,,,,,,,
2020-01-15,25200.0,2413704.0,,,1375.0,868.0,144.0,250.04,9.64,,,,,,,,
2020-01-14,25100.0,2406440.0,,,1373.0,868.0,144.0,250.04,9.64,,,,,,,,
2020-01-13,24900.0,2400362.0,,,1369.0,867.0,144.0,250.0,9.64,,,,,,,,
2020-01-12,24900.0,2395531.0,,,1366.0,866.0,144.0,249.96,9.64,,,,,,,,
2020-01-11,24800.0,2387324.0,,,1366.0,866.0,144.0,250.0,9.64,,,,,,,,
2020-01-10,24600.0,2378408.0,,,1365.0,866.0,144.0,249.84,9.6,,,,,,,,
2020-01-09,24500.0,2371956.0,,,1364.0,869.0,144.0,249.84,9.6,,,,,,,,
2020-01-08,24400.0,2366377.0,,,1360.0,869.0,144.0,249.8,9.6,,,,,,,,
2020-01-07,24300.0,2360654.0,,,1361.0,870.0,144.0,249.76,9.6,,,,,,,,
2020-01-06,24200.0,2353992.0,,,1359.0,870.0,144.0,249.76,9.6,,,,,,,,
2020-01-05,24100.0,2348137.0,,,1356.0,870.0,144.0,249.76,9.6,,,,,,,,
2020-01-04,24000.0,2342267.0,,,1356.0,870.0,144.0,249.68,9.6,,,,,,,,
2020-01-03,24000.0,2335632.0,,,1354.0,870.0,144.0,249.68,9.6,,,,,,,,
2020-01-02,23900.0,2331596.0,,,1353.0,870.0,144.0,249.68,9.6,,,,,,,,
2020-01-01,23800.0,2323656.0,,,1348.0,868.0,144.0,249.68,9.6,,,,,,,,
2019-12-31,23700.0,2320858.0,,,1348.0,868.0,144.0,249.68,9.6,,,,,,,,
2019-12-30,23700.0,2315459.0,,,1344.0,867.0,144.0,249.52,9.6,,,,,,,,
2019-12-29,23600.0,2308989.0,,,1338.0,867.0,144.0,249.4,9.56,,,,,,,,
2019-12-28,23500.0,2300181.0,,,1339.0,868.0,144.0,249.32,9.56,,,,,,,,
2019-12-27,23400.0,2294118.0,,,1337.0,867.0,144.0,249.24,9.56,,,,,,,,
2019-12-26,23400.0,2293261.0,,,1336.0,867.0,144.0,249.24,9.56,,,,,,,,
2019-12-25,23200.0,2281551.0,,,1333.0,867.0,144.0,249.16,9.56,,,,,,,,
2019-12-24,23100.0,2276175.0,,,1332.0,867.0,144.0,249.16,9.56,,,,,,,,
2019-12-23,23000.0,2270560.0,,,1331.0,866.0,144.0,249.12,9.56,,,,,,,,
2019-12-22,23000.0,2268174.0,,,1330.0,866.0,144.0,249.12,9.56,,,,,,,,
2019-12-21,22900.0,2260102.0,,,1328.0,866.0,144.0,249.08,9.56,,,,,,,,
2019-12-20,22900.0,2257342.0,,,1323.0,865.0,144.0,248.92,9.56,,,,,,,,
2019-12-19,22800.0,2251497.0,,,1319.0,865.0,144.0,247.2,9.52,,,,,,,,
2019-12-18,22700.0,2243518.0,,,1316.0,865.0,143.0,235.28,9.2,,,,,,,,
2019-12-17,22600.0,2236546.0,,,1315.0,864.0,143.0,235.28,9.2,,,,,,,,
2019-12-16,22500.0,2229879.0,,,1313.0,863.0,143.0,235.28,9.2,,,,,,,,
2019-12-15,22400.0,2224107.0,,,1310.0,863.0,143.0,235.16,9.2,,,,,,,,
2019-12-14,22300.0,2218418.0,,,1308.0,861.0,143.0,235.08,9.2,,,,,,,,
2019-12-13,22300.0,2212856.0,,,1308.0,861.0,143.0,235.04,9.2,,,,,,,,
2019-12-12,22200.0,2205985.0,,,1308.0,862.0,143.0,235.04,9.2,,,,,,,,
2019-12-11,22100.0,2202068.0,,,1304.0,862.0,143.0,235.04,9.2,,,,,,,,
2019-12-10,22000.0,2193646.0,,,1302.0,862.0,143.0,235.04,9.2,,,,,,,,
2019-12-09,21900.0,2187840.0,,,1299.0,862.0,143.0,235.04,9.2,,,,,,,,
2019-12-08,21900.0,2182006.0,,,1298.0,862.0,143.0,235.04,9.12,,,,,,,,
2019-12-07,21800.0,2176396.0,,,1295.0,862.0,143.0,235.04,9.08,,,,,,,,
2019-12-06,21700.0,2170921.0,,,1295.0,862.0,143.0,235.04,9.08,,,,,,,,
2019-12-05,21600.0,2165148.0,,,1295.0,862.0,143.0,235.04,9.08,,,,,,,,
2019-12-04,21500.0,2158961.0,,,1292.0,862.0,143.0,234.84,9.08,,,,,,,,
2019-12-03,21500.0,2157026.0,,,1291.0,862.0,143.0,234.76,9.04,,,,,,,,
2019-12-02,21400.0,2150557.0,,,1286.0,862.0,143.0,234.48,9.04,,,,,,,,
2019-12-01,21300.0,2140034.0,,,1284.0,861.0,143.0,234.48,9.0,,,,,,,,
2019-11-30,21200.0,2134028.0,,,1281.0,861.0,143.0,234.48,9.0,,,,,,,,
2019-11-29,21200.0,2128201.0,,,1282.0,861.0,143.0,234.44,9.0,,,,,,,,
2019-11-28,21100.0,2121755.0,,,1282.0,861.0,143.0,234.44,9.0,,,,,,,,
2019-11-27,21000.0,2115455.0,,,1280.0,861.0,143.0,234.4,9.0,,,,,,,,
2019-11-26,20900.0,2108796.0,,,1282.0,886.0,143.0,234.4,9.0,,,,,,,,
2019-11-25,20800.0,2102976.0,,,1278.0,886.0,143.0,234.36,9.0,,,,,,,,
2019-11-24,20700.0,2096407.0,,,1274.0,886.0,143.0,234.32,9.0,,,,,,,,
2019-11-23,20600.0,2090593.0,,,1273.0,886.0,143.0,234.32,9.0,,,,,,,,
2019-11-22,20600.0,2085064.0,,,1271.0,886.0,143.0,234.32,9.0,,,,,,,,
2019-11-21,20500.0,2079070.0,,,1267.0,886.0,143.0,234.32,9.0,,,,,,,,
2019-11-20,20400.0,2072569.0,,,1266.0,886.0,143.0,234.24,9.0,,,,,,,,
2019-11-19,20300.0,2066169.0,,,1264.0,886.0,143.0,234.0,9.0,,,,,,,,
2019-11-18,20300.0,2065467.0,,,1261.0,884.0,143.0,234.0,9.0,,,,,,,,
2019-11-17,20100.0,2054183.0,,,1259.0,882.0,143.0,233.2,9.0,,,,,,,,
2019-11-16,20000.0,2048626.0,,,1257.0,883.0,143.0,233.2,9.0,,,,,,,,
2019-11-15,19900.0,2042939.0,,,,,,,,,,,,,,,
2019-11-14,19900.0,2037395.0,,,1251.0,882.0,143.0,233.2,9.0,,,,,,,,
2019-11-13,19800.0,2031651.0,,,1248.0,882.0,143.0,233.2,8.88,,,,,,,,
2019-11-12,19700.0,2025688.0,,,1244.0,882.0,143.0,233.12,8.88,,,,,,,,
2019-11-11,19600.0,2019895.0,,,1241.0,880.0,143.0,233.4,8.88,,,,,,,,
2019-11-10,19500.0,2014306.0,,,1241.0,880.0,143.0,233.4,8.88,,,,,,,,
2019-11-09,19400.0,2009063.0,,,1240.0,880.0,143.0,233.32,8.88,,,,,,,,
2019-11-08,19400.0,2008322.0,,,1238.0,880.0,143.0,233.32,8.88,,,,,,,,
2019-11-07,19300.0,1998169.0,,,1234.0,879.0,143.0,233.2,8.88,,,,,,,,
2019-11-06,19200.0,1992609.0,,,1230.0,879.0,143.0,233.08,8.88,,,,,,,,
2019-11-05,19100.0,1987117.0,,,1228.0,879.0,143.0,233.08,8.88,,,,,,,,
2019-11-04,19000.0,1981676.0,,,1226.0,879.0,143.0,233.08,8.88,,,,,,,,
2019-11-03,18900.0,1975933.0,,,1226.0,879.0,143.0,233.08,8.88,,,,,,,,
2019-11-02,18800.0,1970653.0,,,1223.0,877.0,143.0,233.04,8.88,,,,,,,,
2019-11-01,18800.0,1965557.0,,,1223.0,876.0,143.0,233.04,8.88,,,,,,,,
2019-10-31,18700.0,1960539.0,,,1221.0,877.0,143.0,232.96,8.88,,,,,,,,
2019-10-30,18600.0,1955515.0,,,1220.0,877.0,143.0,232.96,8.88,,,,,,,,
2019-10-29,18600.0,1950164.0,,,1218.0,878.0,143.0,232.88,8.88,,,,,,,,
2019-10-28,18500.0,1945053.0,,,1219.0,878.0,143.0,232.88,8.88,,,,,,,,
2019-10-27,18400.0,1940246.0,,,1219.0,878.0,143.0,232.88,8.88,,,,,,,,
2019-10-26,18300.0,1935172.0,,,1216.0,877.0,143.0,232.88,8.88,,,,,,,,
2019-10-25,18300.0,1933766.0,,,1213.0,877.0,143.0,232.88,8.88,,,,,,,,
2019-10-24,18200.0,1924915.0,,,1213.0,875.0,143.0,232.88,8.88,,,,,,,,
2019-10-23,18100.0,1919548.0,,,1211.0,875.0,143.0,232.68,8.88,,,,,,,,
2019-10-22,18100.0,1918267.0,,,1210.0,873.0,143.0,232.64,8.88,,,,,,,,
2019-10-21,18000.0,1912286.0,,,1207.0,873.0,143.0,232.64,8.88,,,,,,,,
2019-10-20,17900.0,1906862.0,,,1205.0,872.0,143.0,232.64,8.88,,,,,,,,
2019-10-19,17700.0,1896520.0,,,1202.0,871.0,143.0,232.64,8.88,,,,,,,,
2019-10-18,17600.0,1890787.0,,,,,,,,,,,,,,,
2019-10-17,17500.0,1884390.0,,,1198.0,871.0,143.0,232.56,8.88,,,,,,,,
2019-10-16,17400.0,1878607.0,,,1195.0,870.0,143.0,232.56,8.84,,,,,,,,
2019-10-15,17400.0,1873013.0,,,1193.0,870.0,143.0,232.56,8.84,,,,,,,,
2019-10-14,17200.0,1867526.0,,,1196.0,870.0,143.0,232.56,8.84,,,,,,,,
2019-10-13,17200.0,1861837.0,,,1196.0,870.0,143.0,232.56,8.84,,,,,,,,
2019-10-12,17100.0,1856457.0,,,1194.0,871.0,143.0,232.52,8.84,,,,,,,,
2019-10-11,17000.0,1851265.0,,,1194.0,871.0,143.0,232.52,8.84,,,,,,,,
2019-10-10,16900.0,1846044.0,,,1193.0,871.0,143.0,232.52,8.84,,,,,,,,
2019-10-09,16800.0,1840569.0,,,1190.0,871.0,143.0,232.52,8.84,,,,,,,,
2019-10-08,16700.0,1835491.0,,,1190.0,871.0,143.0,232.52,8.84,,,,,,,,
2019-10-07,16700.0,1833925.0,,,1187.0,870.0,143.0,232.48,8.84,,,,,,,,
2019-10-06,16700.0,1829835.0,,,1183.0,869.0,143.0,231.76,8.84,,,,,,,,
2019-10-05,16600.0,1823991.0,,,1177.0,867.0,143.0,231.76,8.84,,,,,,,,
2019-10-04,16400.0,1815292.0,,,1176.0,870.0,143.0,231.76,8.84,,,,,,,,
2019-10-03,16400.0,1811802.0,,,1173.0,891.0,143.0,231.76,8.84,,,,,,,,
2019-10-02,16300.0,1809263.0,,,1171.0,891.0,143.0,231.76,8.84,,,,,,,,
2019-10-01,16200.0,1803638.0,,,1171.0,891.0,143.0,231.76,8.84,,,,,,,,
2019-09-30,16100.0,1794884.0,,,1169.0,891.0,143.0,231.56,8.84,,,,,,,,
2019-09-29,15900.0,1787204.0,,,1167.0,891.0,143.0,231.56,8.84,,,,,,,,
2019-09-28,15900.0,1782073.0,,,1164.0,891.0,143.0,231.28,8.84,,,,,,,,
2019-09-27,15800.0,1777222.0,,,1162.0,891.0,143.0,0.0,0.0,,,,,,,,
2019-09-26,15700.0,1772101.0,,,,,,,,,,,,,,,
2019-09-25,15700.0,1766822.0,,,,,,,,,,,,,,,
2019-09-24,15600.0,1761609.0,,,,,,,,,,,,,,,
2019-09-23,15500.0,1756323.0,,,,,,,,,,,,,,,
2019-09-22,15400.0,1750691.0,,,,,,,,,,,,,,,
2019-09-21,15300.0,1745856.0,,,,,,,,,,,,,,,
2019-09-20,15200.0,1740992.0,,,,,,,,,,,,,,,
2019-09-19,15200.0,1737336.0,,,,,,,,,,,,,,,
2019-09-18,15100.0,1732202.0,,,,,,,,,,,,,,,
2019-09-17,15067.0,1727243.0,,,,,,,,,,,,,,,
2019-09-16,14963.0,1720523.0,,,,,,,,,,,,,,,
2019-09-14,14863.0,1714002.0,,,,,,,,,,,,,,,
2019-09-13,14769.0,1707687.0,,,,,,,,,,,,,,,
2019-09-12,14695.0,1702068.0,,,,,,,,,,,,,,,
2019-09-10,14561.0,1694287.0,,,,,,,,,,,,,,,
2019-09-09,14473.0,1689426.0,,,,,,,,,,,,,,,
2019-09-08,14346.0,1681792.0,,,,,,,,,,,,,,,
2019-09-06,14211.0,1672834.0,,,,,,,,,,,,,,,
2019-09-05,14153.0,1668920.0,,,,,,,,,,,,,,,
2019-09-04,14057.0,1662916.0,,,,,,,,,,,,,,,
2019-09-03,13954.0,1656942.0,,,,,,,,,,,,,,,
2019-09-01,13804.0,1646603.0,,,,,,,,,,,,,,,
2019-08-30,13725.0,1639165.0,,,,,,,,,,,,,,,
2019-08-29,13639.0,1632495.0,,,,,,,,,,,,,,,
2019-08-27,13556.0,1626795.0,,,,,,,,,,,,,,,
2019-08-26,13474.0,1620955.0,,,,,,,,,,,,,,,
2019-08-25,13355.0,1614193.0,,,,,,,,,,,,,,,
2019-08-24,13257.0,1607688.0,,,,,,,,,,,,,,,
2019-08-22,13174.0,1602756.0,,,,,,,,,,,,,,,
2019-08-21,13089.0,1597088.0,,,,,,,,,,,,,,,
2019-08-20,12970.0,1589645.0,,,,,,,,,,,,,,,
2019-08-19,12914.0,1585783.0,,,,,,,,,,,,,,,
2019-08-18,12853.0,1582412.0,,,,,,,,,,,,,,,
2019-08-17,12704.0,1573598.0,,,,,,,,,,,,,,,
2019-08-16,12634.0,1568577.0,,,,,,,,,,,,,,,
2019-08-14,12550.0,1562668.0,,,,,,,,,,,,,,,
2019-08-13,12465.0,1555931.0,,,,,,,,,,,,,,,
2019-08-12,12383.0,1550470.0,,,,,,,,,,,,,,,
2019-08-11,12255.0,1545202.0,,,,,,,,,,,,,,,
2019-08-10,12137.0,1539130.0,,,,,,,,,,,,,,,
2019-08-08,12026.0,1532663.0,,,,,,,,,,,,,,,
2019-08-07,11868.0,1525539.0,,,,,,,,,,,,,,,
2019-08-05,11773.0,1519747.0,,,,,,,,,,,,,,,
2019-08-04,11675.0,1513215.0,,,,,,,,,,,,,,,
2019-08-02,11605.0,1508891.0,,,,,,,,,,,,,,,
2019-08-01,11500.0,1502478.0,,,,,,,,,,,,,,,
2019-07-30,11299.0,1491009.0,,,,,,,,,,,,,,,
2019-07-28,11200.0,1483838.0,,,,,,,,,,,,,,,
2019-07-27,11080.0,1478033.0,,,,,,,,,,,,,,,
2019-07-26,11046.0,1475136.0,,,,,,,,,,,,,,,
2019-07-25,10966.0,1469233.0,,,,,,,,,,,,,,,
2019-07-24,10894.0,1465209.0,,,,,,,,,,,,,,,
2019-07-23,10873.0,1463415.0,,,,,,,,,,,,,,,
2019-07-21,10717.0,1454391.0,,,,,,,,,,,,,,,
2019-07-20,10666.0,1450980.0,,,,,,,,,,,,,,,
2019-07-19,10595.0,1445466.0,,,,,,,,,,,,,,,
2019-07-18,10532.0,1440336.0,,,,,,,,,,,,,,,
2019-07-17,10467.0,1436826.0,,,,,,,,,,,,,,,
2019-07-16,10380.0,1431937.0,,,,,,,,,,,,,,,
2019-07-15,10303.0,1427348.0,,,,,,,,,,,,,,,
2019-07-14,10222.0,1421995.0,,,,,,,,,,,,,,,
2019-07-13,10157.0,1417873.0,,,,,,,,,,,,,,,
2019-07-12,10069.0,1412134.0,,,,,,,,,,,,,,,
2019-07-11,10046.0,1408960.0,,,,,,,,,,,,,,,
2019-07-10,9993.0,1405803.0,,,,,,,,,,,,,,,
2019-07-09,9943.0,1401456.0,,,,,,,,,,,,,,,
2019-07-08,9893.0,1397134.0,,,,,,,,,,,,,,,
2019-07-07,9825.0,1392914.0,,,,,,,,,,,,,,,
2019-07-06,9757.0,1387567.0,,,,,,,,,,,,,,,
2019-07-05,9690.0,1384165.0,,,,,,,,,,,,,,,
2019-07-04,9606.0,1378641.0,,,,,,,,,,,,,,,
2019-07-03,9566.0,1376589.0,,,,,,,,,,,,,,,
2019-07-01,9395.0,1363225.0,,,,,,,,,,,,,,,
2019-06-30,9354.0,1360737.0,,,,,,,,,,,,,,,
2019-06-29,9275.0,1356525.0,,,,,,,,,,,,,,,
2019-06-28,9231.0,1354150.0,,,,,,,,,,,,,,,
2019-06-27,9160.0,1348810.0,,,,,,,,,,,,,,,
2019-06-26,9091.0,1344616.0,,,,,,,,,,,,,,,
2019-06-25,9011.0,1339427.0,,,,,,,,,,,,,,,
2019-06-24,8914.0,1334140.0,,,,,,,,,,,,,,,
2019-06-23,8842.0,1329046.0,,,,,,,,,,,,,,,
2019-06-22,8780.0,1325268.0,,,,,,,,,,,,,,,
2019-06-21,8705.0,1319615.0,,,,,,,,,,,,,,,
2019-06-20,8622.0,1314095.0,,,,,,,,,,,,,,,
2019-06-19,8569.0,1310557.0,,,,,,,,,,,,,,,
2019-06-18,8486.0,1306300.0,,,,,,,,,,,,,,,
2019-06-17,8413.0,1300005.0,,,,,,,,,,,,,,,
2019-06-16,8335.0,1295080.0,,,,,,,,,,,,,,,
2019-06-15,8266.0,1291841.0,,,,,,,,,,,,,,,
2019-06-14,8200.0,1286128.0,,,,,,,,,,,,,,,
2019-06-13,8153.0,1282581.0,,,,,,,,,,,,,,,
2019-06-12,8070.0,1275945.0,,,,,,,,,,,,,,,
2019-06-11,8021.0,1272642.0,,,,,,,,,,,,,,,
2019-06-10,7975.0,1268374.0,,,,,,,,,,,,,,,
2019-06-09,7918.0,1264082.0,,,,,,,,,,,,,,,
2019-06-08,7892.0,1262485.0,,,,,,,,,,,,,,,
2019-06-07,7847.0,1259095.0,,,,,,,,,,,,,,,
2019-06-06,7799.0,1254593.0,,,,,,,,,,,,,,,
2019-06-05,7753.0,1250595.0,,,,,,,,,,,,,,,
2019-06-04,7724.0,1247720.0,,,,,,,,,,,,,,,
2019-06-03,7664.0,1242716.0,,,,,,,,,,,,,,,
2019-06-02,7642.0,1238931.0,,,,,,,,,,,,,,,
2019-06-01,7590.0,1234439.0,,,,,,,,,,,,,,,
2019-05-31,7568.0,1232384.0,,,,,,,,,,,,,,,
2019-05-30,7542.0,1228914.0,,,,,,,,,,,,,,,
2019-05-29,7510.0,1223906.0,,,,,,,,,,,,,,,
2019-05-28,7471.0,1220864.0,,,,,,,,,,,,,,,
2019-05-27,7414.0,1214857.0,,,,,,,,,,,,,,,
2019-05-26,7399.0,1213614.0,,,,,,,,,,,,,,,
2019-05-25,7346.0,1208680.0,,,,,,,,,,,,,,,
2019-05-24,7318.0,1205825.0,,,,,,,,,,,,,,,
2019-05-23,7293.0,1202477.0,,,,,,,,,,,,,,,
2019-05-22,7260.0,1199536.0,,,,,,,,,,,,,,,
2019-05-21,7221.0,1195267.0,,,,,,,,,,,,,,,
2019-05-20,7179.0,1191931.0,,,,,,,,,,,,,,,
2019-05-19,7152.0,1189315.0,,,,,,,,,,,,,,,
2019-05-18,7115.0,1186306.0,,,,,,,,,,,,,,,
2019-05-17,7076.0,1182453.0,,,,,,,,,,,,,,,
2019-05-16,7036.0,1179694.0,,,,,,,,,,,,,,,
2019-05-15,6986.0,1175406.0,,,,,,,,,,,,,,,
2019-05-14,6956.0,1172335.0,,,,,,,,,,,,,,,
2019-05-13,6909.0,1168455.0,,,,,,,,,,,,,,,
2019-05-12,6843.0,1162182.0,,,,,,,,,,,,,,,
2019-05-10,6797.0,1156997.0,,,,,,,,,,,,,,,
2019-05-09,6756.0,1152878.0,,,,,,,,,,,,,,,
2019-05-08,6709.0,1149283.0,,,,,,,,,,,,,,,
2019-05-07,6680.0,1146874.0,,,,,,,,,,,,,,,
2019-05-06,6639.0,1143842.0,,,,,,,,,,,,,,,
2019-05-05,6595.0,1139480.0,,,,,,,,,,,,,,,
2019-05-04,6550.0,1136365.0,,,,,,,,,,,,,,,
2019-05-03,6480.0,1131053.0,,,,,,,,,,,,,,,
2019-05-02,6419.0,1126751.0,,,,,,,,,,,,,,,
2019-05-01,6382.0,1127458.0,,,,,,,,,,,,,,,
2019-04-30,6297.0,1121537.0,,,,,,,,,,,,,,,
2019-04-29,6266.0,1118853.0,,,,,,,,,,,,,,,
2019-04-28,6214.0,1114884.0,,,,,,,,,,,,,,,
2019-04-27,6155.0,1111790.0,,,,,,,,,,,,,,,
2019-04-26,6065.0,1105485.0,,,,,,,,,,,,,,,
2019-04-25,5992.0,1101614.0,,,,,,,,,,,,,,,
2019-04-24,5923.0,1096612.0,,,,,,,,,,,,,,,
2019-04-23,5864.0,1092521.0,,,,,,,,,,,,,,,
2019-04-22,5807.0,1087358.0,,,,,,,,,,,,,,,
2019-04-21,5750.0,1083914.0,,,,,,,,,,,,,,,
2019-04-20,5695.0,1079126.0,,,,,,,,,,,,,,,
2019-04-19,5611.0,1075341.0,,,,,,,,,,,,,,,
2019-04-18,5547.0,1070792.0,,,,,,,,,,,,,,,
2019-04-17,5460.0,1066386.0,,,,,,,,,,,,,,,
2019-04-16,5376.0,1060885.0,,,,,,,,,,,,,,,
2019-04-15,5307.0,1057136.0,,,,,,,,,,,,,,,
2021-02-08,,,,,3423.0,809.0,150.0,409.3,21.1,2383.0,165.0,412.0,629.0,,,,
2020-11-27,,,,,3034.0,798.0,149.0,384.6,20.9,1629.0,164.0,334.0,583.0,,,,
2020-11-24,,,,,3012.0,796.0,149.0,383.9,20.9,1589.0,164.0,333.0,583.0,,,,
2020-11-20,,,,,2983.0,797.0,149.0,383.2,20.9,1554.0,164.0,333.0,581.0,,,,
2020-08-10,,,,,2534.0,821.0,149.0,342.04,17.4,1143.0,163.0,261.0,517.0,,,,
2020-08-06,,,,,2512.0,821.0,149.0,341.92,17.4,1129.0,163.0,260.0,516.0,,,,
2020-08-02,,,,,2492.0,820.0,149.0,341.32,17.4,1117.0,162.0,259.0,516.0,,,,
2020-07-29,,,,,2464.0,819.0,149.0,341.24,17.4,1104.0,159.0,252.0,511.0,,,,
2020-06-26,,,,,2301.0,820.0,149.0,334.0,16.88,960.0,159.0,214.0,460.0,,,,
2020-06-13,,,,,2219.0,821.0,148.0,319.16,15.12,909.0,159.0,210.0,449.0,,,,
2020-06-11,,,,,2208.0,821.0,148.0,319.08,15.12,906.0,159.0,210.0,448.0,,,,
2020-05-02,,,,,1939.0,824.0,147.0,302.84,13.2,728.0,153.0,192.0,408.0,,,,
2020-03-13,,,,,1573.0,826.0,145.0,257.44,10.36,,,,,,,,
2020-03-04,,,,,1536.0,822.0,145.0,256.92,10.36,,,,,,,,
2020-02-29,,,,,1518.0,822.0,145.0,256.6,10.36,,,,,,,,
2020-02-23,,,,,1490.0,820.0,145.0,255.88,10.28,,,,,,,,
2020-02-18,,,,,1479.0,820.0,145.0,255.72,10.28,,,,,,,,
2020-02-06,,,,,1434.0,872.0,145.0,254.52,10.0,,,,,,,,
2021-03-21,,,,,,,,,,2609.0,168.0,443.0,649.0,,,,
